"Station Name","MONTREAL INTL A"
"Province","QUEBEC"
"Latitude","45.47"
"Longitude","-73.74"
"Elevation","36.00"
"Climate Identifier","7025251"
"WMO Identifier","71627"
"TC Identifier","YUL"
"All times are specified in Local Standard Time (LST). Add 1 hour to adjust for Daylight Saving Time where and when it is observed."

"Legend"
"E","Estimated"
"M","Missing"
"NA","Not Available"

"Date/Time","Year","Month","Day","Time","Temp (°C)","Temp Flag","Dew Point Temp (°C)","Dew Point Temp Flag","Rel Hum (%)","Rel Hum Flag","Wind Dir (10s deg)","Wind Dir Flag","Wind Spd (km/h)","Wind Spd Flag","Visibility (km)","Visibility Flag","Stn Press (kPa)","Stn Press Flag","Hmdx","Hmdx Flag","Wind Chill","Wind Chill Flag","Weather"
"2017-02-01 00:00","2017","02","01","00:00","-13.3","","-16.4","","78","","2","","21","","24.1","","100.58","","","","-22","","NA"
"2017-02-01 01:00","2017","02","01","01:00","-13.6","","-16.5","","79","","2","","21","","24.1","","100.54","","","","-23","","Mostly Cloudy"
"2017-02-01 02:00","2017","02","01","02:00","-13.8","","-16.5","","80","","2","","22","","24.1","","100.54","","","","-23","","NA"
"2017-02-01 03:00","2017","02","01","03:00","-13.9","","-16.5","","81","","2","","21","","24.1","","100.53","","","","-23","","NA"
"2017-02-01 04:00","2017","02","01","04:00","-13.5","","-16.0","","82","","2","","21","","24.1","","100.53","","","","-22","","Cloudy"
"2017-02-01 05:00","2017","02","01","05:00","-13.5","","-16.1","","81","","2","","25","","4.8","","100.52","","","","-23","","Snow"
"2017-02-01 06:00","2017","02","01","06:00","-13.2","","-15.8","","81","","2","","25","","4.0","","100.48","","","","-23","","Snow"
"2017-02-01 07:00","2017","02","01","07:00","-13.1","","-15.9","","80","","1","","21","","6.4","","100.50","","","","-22","","Snow"
"2017-02-01 08:00","2017","02","01","08:00","-12.8","","-15.6","","80","","2","","21","","3.2","","100.52","","","","-22","","Snow"
"2017-02-01 09:00","2017","02","01","09:00","-12.2","","-15.1","","79","","2","","20","","9.7","","100.52","","","","-21","","Snow"
"2017-02-01 10:00","2017","02","01","10:00","-11.5","","-14.6","","78","","2","","18","","4.8","","100.53","","","","-19","","Snow"
"2017-02-01 11:00","2017","02","01","11:00","-10.6","","-13.9","","77","","2","","12","","9.7","","100.55","","","","-17","","Snow"
"2017-02-01 12:00","2017","02","01","12:00","-10.0","","-13.6","","75","","2","","9","","9.7","","100.53","","","","-15","","Snow"
"2017-02-01 13:00","2017","02","01","13:00","-8.8","","-13.0","","72","","4","","6","","12.9","","100.52","","","","-12","","Snow"
"2017-02-01 14:00","2017","02","01","14:00","-8.3","","-12.3","","73","","21","","5","","12.9","","100.54","","","","-11","","Snow"
"2017-02-01 15:00","2017","02","01","15:00","-7.6","","-11.3","","75","","23","","7","","24.1","","100.62","","","","-11","","Snow"
"2017-02-01 16:00","2017","02","01","16:00","-7.9","","-11.3","","77","","19","","9","","24.1","","100.67","","","","-12","","Snow"
"2017-02-01 17:00","2017","02","01","17:00","-8.2","","-11.7","","76","","23","","16","","24.1","","100.78","","","","-15","","NA"
"2017-02-01 18:00","2017","02","01","18:00","-8.4","","-11.9","","76","","36","","2","","24.1","","100.83","","","","-9","","NA"
"2017-02-01 19:00","2017","02","01","19:00","-8.3","","-11.8","","76","","23","","4","","24.1","","100.84","","","","-10","","Cloudy"
"2017-02-01 20:00","2017","02","01","20:00","-7.3","","-11.0","","75","","23","","9","","16.1","","100.86","","","","-12","","Snow"
"2017-02-01 21:00","2017","02","01","21:00","-6.4","","-9.0","","82","","20","","9","","9.7","","100.86","","","","-11","","Snow"
"2017-02-01 22:00","2017","02","01","22:00","-6.6","","-8.3","","88","","22","","11","","4.0","","100.86","","","","-12","","Snow"
"2017-02-01 23:00","2017","02","01","23:00","-7.1","","-8.9","","87","","21","","9","","16.1","","100.86","","","","-11","","NA"
"2017-02-02 00:00","2017","02","02","00:00","-6.7","","-8.7","","86","","15","","6","","12.9","","100.80","","","","-10","","Snow"
"2017-02-02 01:00","2017","02","02","01:00","-6.4","","-8.4","","86","","20","","12","","12.9","","100.81","","","","-12","","Snow"
"2017-02-02 02:00","2017","02","02","02:00","-6.2","","-8.5","","84","","18","","7","","16.1","","100.82","","","","-10","","Snow"
"2017-02-02 03:00","2017","02","02","03:00","-6.0","","-8.0","","86","","25","","8","","6.4","","100.81","","","","-10","","Snow"
"2017-02-02 04:00","2017","02","02","04:00","-5.8","","-8.1","","84","","27","","12","","12.9","","100.81","","","","-11","","Snow"
"2017-02-02 05:00","2017","02","02","05:00","-6.2","","-8.3","","85","","26","","14","","80.5","","100.86","","","","-12","","Snow"
"2017-02-02 06:00","2017","02","02","06:00","-6.5","","-9.2","","81","","27","","21","","12.9","","100.93","","","","-14","","Snow"
"2017-02-02 07:00","2017","02","02","07:00","-7.9","","-10.9","","79","","27","","22","","24.1","","101.03","","","","-16","","Mostly Cloudy"
"2017-02-02 08:00","2017","02","02","08:00","-10.1","","-14.8","","69","","29","","27","","24.1","","101.15","","","","-19","","NA"
"2017-02-02 09:00","2017","02","02","09:00","-10.5","","-15.7","","66","","27","","18","","24.1","","101.20","","","","-18","","NA"
"2017-02-02 10:00","2017","02","02","10:00","-10.6","","-16.6","","62","","27","","25","","24.1","","101.28","","","","-20","","Clear"
"2017-02-02 11:00","2017","02","02","11:00","-10.4","","-16.8","","60","","27","","24","","48.3","","101.29","","","","-19","","NA"
"2017-02-02 12:00","2017","02","02","12:00","-9.6","","-16.8","","56","","25","","26","","48.3","","101.25","","","","-18","","NA"
"2017-02-02 13:00","2017","02","02","13:00","-9.1","","-16.6","","55","","22","","15","","48.3","","101.19","","","","-16","","Clear"
"2017-02-02 14:00","2017","02","02","14:00","-7.9","","-16.6","","50","","23","","23","","48.3","","101.14","","","","-16","","NA"
"2017-02-02 15:00","2017","02","02","15:00","-7.5","","-15.8","","52","","23","","17","","48.3","","101.12","","","","-14","","NA"
"2017-02-02 16:00","2017","02","02","16:00","-7.3","","-14.4","","57","","25","","16","","48.3","","101.14","","","","-14","","Mainly Clear"
"2017-02-02 17:00","2017","02","02","17:00","-7.4","","-12.3","","68","","28","","12","","19.3","","101.12","","","","-13","","Snow"
"2017-02-02 18:00","2017","02","02","18:00","-7.8","","-10.1","","84","","22","","15","","2.8","","101.14","","","","-14","","Snow"
"2017-02-02 19:00","2017","02","02","19:00","-7.3","","-9.9","","82","","23","","21","","24.1","","101.17","","","","-15","","Snow"
"2017-02-02 20:00","2017","02","02","20:00","-7.7","","-11.1","","77","","26","","15","","24.1","","101.27","","","","-14","","NA"
"2017-02-02 21:00","2017","02","02","21:00","-7.7","","-11.7","","73","","27","","22","","24.1","","101.36","","","","-15","","NA"
"2017-02-02 22:00","2017","02","02","22:00","-7.7","","-13.8","","62","","28","","26","","24.1","","101.44","","","","-16","","Cloudy"
"2017-02-02 23:00","2017","02","02","23:00","-8.1","","-15.0","","58","","28","","19","","24.1","","101.48","","","","-15","","NA"
"2017-02-03 00:00","2017","02","03","00:00","-8.4","","-14.9","","60","","26","","12","","24.1","","101.45","","","","-14","","NA"
"2017-02-03 01:00","2017","02","03","01:00","-8.2","","-14.3","","62","","24","","14","","24.1","","101.44","","","","-14","","Cloudy"
"2017-02-03 02:00","2017","02","03","02:00","-7.8","","-14.5","","59","","26","","18","","24.1","","101.42","","","","-15","","Snow"
"2017-02-03 03:00","2017","02","03","03:00","-7.3","","-13.2","","63","","25","","18","","24.1","","101.39","","","","-14","","NA"
"2017-02-03 04:00","2017","02","03","04:00","-7.7","","-10.9","","78","","23","","19","","24.1","","101.34","","","","-15","","Snow"
"2017-02-03 05:00","2017","02","03","05:00","-7.7","","-10.9","","78","","24","","14","","24.1","","101.34","","","","-14","","Snow"
"2017-02-03 06:00","2017","02","03","06:00","-7.4","","-11.3","","74","","25","","16","","24.1","","101.34","","","","-14","","NA"
"2017-02-03 07:00","2017","02","03","07:00","-7.3","","-11.7","","71","","25","","15","","24.1","","101.37","","","","-13","","Cloudy"
"2017-02-03 08:00","2017","02","03","08:00","-8.1","","-12.7","","70","","27","","10","","24.1","","101.40","","","","-13","","NA"
"2017-02-03 09:00","2017","02","03","09:00","-7.9","","-13.2","","66","","33","","17","","24.1","","101.45","","","","-15","","NA"
"2017-02-03 10:00","2017","02","03","10:00","-8.0","","-14.5","","60","","30","","10","","24.1","","101.47","","","","-13","","Mainly Clear"
"2017-02-03 11:00","2017","02","03","11:00","-6.9","","-14.3","","56","","28","","15","","24.1","","101.45","","","","-13","","NA"
"2017-02-03 12:00","2017","02","03","12:00","-6.4","","-14.7","","52","","27","","27","","24.1","","101.38","","","","-14","","NA"
"2017-02-03 13:00","2017","02","03","13:00","-6.0","","-15.1","","49","","26","","27","","48.3","","101.32","","","","-14","","Mainly Clear"
"2017-02-03 14:00","2017","02","03","14:00","-6.1","","-15.2","","49","","27","","23","","24.1","","101.26","","","","-13","","NA"
"2017-02-03 15:00","2017","02","03","15:00","-5.5","","-13.7","","53","","25","","27","","24.1","","101.24","","","","-13","","Blowing Snow"
"2017-02-03 16:00","2017","02","03","16:00","-5.6","","-14.7","","49","","27","","29","","24.1","","101.23","","","","-14","","Mainly Clear"
"2017-02-03 17:00","2017","02","03","17:00","-6.1","","-15.2","","49","","26","","20","","24.1","","101.26","","","","-13","","NA"
"2017-02-03 18:00","2017","02","03","18:00","-6.0","","-15.1","","49","","25","","19","","24.1","","101.30","","","","-13","","NA"
"2017-02-03 19:00","2017","02","03","19:00","-6.3","","-15.1","","50","","26","","16","","24.1","","101.32","","","","-12","","Cloudy"
"2017-02-03 20:00","2017","02","03","20:00","-6.4","","-14.5","","53","","26","","14","","24.1","","101.35","","","","-12","","NA"
"2017-02-03 21:00","2017","02","03","21:00","-7.0","","-14.8","","54","","26","","11","","24.1","","101.36","","","","-12","","NA"
"2017-02-03 22:00","2017","02","03","22:00","-7.0","","-14.8","","54","","27","","17","","24.1","","101.41","","","","-13","","Mostly Cloudy"
"2017-02-03 23:00","2017","02","03","23:00","-7.9","","-15.9","","53","","27","","18","","24.1","","101.46","","","","-15","","NA"
"2017-02-04 00:00","2017","02","04","00:00","-8.8","","-16.5","","54","","26","","14","","24.1","","101.50","","","","-15","","NA"
"2017-02-04 01:00","2017","02","04","01:00","-9.7","","-16.5","","58","","26","","12","","24.1","","101.52","","","","-16","","Mainly Clear"
"2017-02-04 02:00","2017","02","04","02:00","-10.8","","-17.1","","60","","25","","14","","24.1","","101.57","","","","-17","","NA"
"2017-02-04 03:00","2017","02","04","03:00","-10.1","","-17.1","","57","","27","","15","","24.1","","101.62","","","","-17","","NA"
"2017-02-04 04:00","2017","02","04","04:00","-10.7","","-16.7","","62","","26","","14","","24.1","","101.65","","","","-17","","Mostly Cloudy"
"2017-02-04 05:00","2017","02","04","05:00","-11.7","","-16.8","","66","","26","","13","","24.1","","101.70","","","","-18","","NA"
"2017-02-04 06:00","2017","02","04","06:00","-13.2","","-17.8","","69","","25","","16","","24.1","","101.72","","","","-21","","NA"
"2017-02-04 07:00","2017","02","04","07:00","-12.3","","-17.1","","68","","25","","17","","24.1","","101.76","","","","-20","","Clear"
"2017-02-04 08:00","2017","02","04","08:00","-11.4","","-16.4","","67","","25","","20","","48.3","","101.78","","","","-20","","NA"
"2017-02-04 09:00","2017","02","04","09:00","-10.0","","-15.4","","65","","25","","24","","48.3","","101.81","","","","-19","","NA"
"2017-02-04 10:00","2017","02","04","10:00","-8.9","","-14.7","","63","","25","","22","","24.1","","101.84","","","","-17","","Mostly Cloudy"
"2017-02-04 11:00","2017","02","04","11:00","-7.4","","-12.9","","65","","25","","27","","24.1","","101.79","","","","-16","","NA"
"2017-02-04 12:00","2017","02","04","12:00","-6.1","","-10.9","","69","","24","","33","","24.1","","101.66","","","","-15","","NA"
"2017-02-04 13:00","2017","02","04","13:00","-4.9","","-8.7","","75","","23","","21","","24.1","","101.55","","","","-12","","Snow Showers"
"2017-02-04 14:00","2017","02","04","14:00","-4.3","","-8.8","","71","","22","","27","","24.1","","101.47","","","","-12","","Snow Showers"
"2017-02-04 15:00","2017","02","04","15:00","-4.0","","-9.5","","66","","27","","25","","16.1","","101.51","","","","-11","","Snow Showers"
"2017-02-04 16:00","2017","02","04","16:00","-3.6","","-10.1","","61","","24","","27","","24.1","","101.48","","","","-11","","Cloudy"
"2017-02-04 17:00","2017","02","04","17:00","-3.5","","-10.6","","58","","24","","19","","24.1","","101.48","","","","-9","","NA"
"2017-02-04 18:00","2017","02","04","18:00","-3.7","","-11.0","","57","","24","","28","","24.1","","101.50","","","","-11","","NA"
"2017-02-04 19:00","2017","02","04","19:00","-4.0","","-11.1","","58","","23","","25","","24.1","","101.51","","","","-11","","Cloudy"
"2017-02-04 20:00","2017","02","04","20:00","-3.7","","-9.6","","64","","23","","21","","24.1","","101.51","","","","-10","","NA"
"2017-02-04 21:00","2017","02","04","21:00","-4.0","","-10.1","","63","","23","","33","","24.1","","101.50","","","","-12","","NA"
"2017-02-04 22:00","2017","02","04","22:00","-4.0","","-10.3","","62","","23","","30","","24.1","","101.44","","","","-12","","Mostly Cloudy"
"2017-02-04 23:00","2017","02","04","23:00","-4.3","","-10.5","","62","","23","","25","","24.1","","101.40","","","","-11","","NA"
"2017-02-05 00:00","2017","02","05","00:00","-4.4","","-10.4","","63","","23","","29","","24.1","","101.36","","","","-12","","Snow"
"2017-02-05 01:00","2017","02","05","01:00","-4.7","","-10.1","","66","","24","","26","","24.1","","101.30","","","","-12","","Snow"
"2017-02-05 02:00","2017","02","05","02:00","-4.9","","-9.9","","68","","21","","19","","24.1","","101.23","","","","-11","","Snow"
"2017-02-05 03:00","2017","02","05","03:00","-4.7","","-9.9","","67","","21","","24","","24.1","","101.15","","","","-12","","NA"
"2017-02-05 04:00","2017","02","05","04:00","-4.8","","-9.3","","71","","19","","16","","24.1","","101.06","","","","-11","","Cloudy"
"2017-02-05 05:00","2017","02","05","05:00","-4.9","","-9.4","","71","","16","","18","","24.1","","100.93","","","","-11","","NA"
"2017-02-05 06:00","2017","02","05","06:00","-5.2","","-9.0","","75","","16","","14","","24.1","","100.85","","","","-11","","Snow"
"2017-02-05 07:00","2017","02","05","07:00","-4.5","","-9.0","","71","","16","","18","","24.1","","100.72","","","","-11","","Cloudy"
"2017-02-05 08:00","2017","02","05","08:00","-3.9","","-10.2","","62","","17","","18","","24.1","","100.63","","","","-10","","NA"
"2017-02-05 09:00","2017","02","05","09:00","-2.7","","-10.8","","54","","17","","18","","24.1","","100.52","","","","-8","","NA"
"2017-02-05 10:00","2017","02","05","10:00","-1.9","","-11.5","","48","","18","","20","","24.1","","100.41","","","","-8","","Cloudy"
"2017-02-05 11:00","2017","02","05","11:00","-1.2","","-11.1","","47","","19","","19","","24.1","","100.26","","","","-7","","NA"
"2017-02-05 12:00","2017","02","05","12:00","-1.2","","-8.9","","56","","23","","26","","48.3","","100.14","","","","-8","","NA"
"2017-02-05 13:00","2017","02","05","13:00","-0.5","","-9.0","","53","","23","","43","","24.1","","100.01","","","","-8","","Cloudy"
"2017-02-05 14:00","2017","02","05","14:00","-0.4","","-7.3","","60","","23","","41","","19.3","","99.91","","","","-8","","Snow"
"2017-02-05 15:00","2017","02","05","15:00","-1.1","","-4.6","","77","","23","","35","","4.8","","99.90","","","","-8","","Snow"
"2017-02-05 16:00","2017","02","05","16:00","-1.2","","-3.1","","87","","22","","26","","2.8","","99.87","","","","-8","","Snow,Blowing Snow"
"2017-02-05 17:00","2017","02","05","17:00","-1.1","","-2.8","","88","","22","","27","","4.0","","99.87","","","","-8","","Snow,Blowing Snow"
"2017-02-05 18:00","2017","02","05","18:00","-1.0","","-2.9","","87","","23","","34","","6.4","","99.90","","","","-8","","Snow,Blowing Snow"
"2017-02-05 19:00","2017","02","05","19:00","-0.8","","-3.0","","85","","23","","26","","11.3","","99.90","","","","-7","","Snow"
"2017-02-05 20:00","2017","02","05","20:00","-0.5","","-3.4","","81","","25","","36","","12.9","","99.93","","","","-8","","Snow"
"2017-02-05 21:00","2017","02","05","21:00","-1.4","","-3.9","","83","","26","","37","","12.9","","99.98","","","","-9","","Blowing Snow"
"2017-02-05 22:00","2017","02","05","22:00","-1.8","","-6.2","","72","","28","","35","","16.1","","100.13","","","","-9","","Blowing Snow"
"2017-02-05 23:00","2017","02","05","23:00","-3.0","","-7.9","","69","","30","","27","","19.3","","100.32","","","","-10","","Blowing Snow"
"2017-02-06 00:00","2017","02","06","00:00","-6.2","","-11.6","","66","","29","","28","","24.1","","100.57","","","","-14","","NA"
"2017-02-06 01:00","2017","02","06","01:00","-7.6","","-15.0","","56","","30","","26","","24.1","","100.79","","","","-16","","Clear"
"2017-02-06 02:00","2017","02","06","02:00","-9.2","","-14.8","","64","","28","","19","","24.1","","101.01","","","","-17","","NA"
"2017-02-06 03:00","2017","02","06","03:00","-10.4","","-16.2","","63","","28","","20","","24.1","","101.15","","","","-18","","NA"
"2017-02-06 04:00","2017","02","06","04:00","-12.2","","-19.1","","57","","29","","28","","24.1","","101.24","","","","-22","","Mainly Clear"
"2017-02-06 05:00","2017","02","06","05:00","-12.4","","-19.1","","58","","30","","22","","24.1","","101.37","","","","-21","","NA"
"2017-02-06 06:00","2017","02","06","06:00","-13.0","","-19.4","","59","","31","","23","","24.1","","101.47","","","","-22","","NA"
"2017-02-06 07:00","2017","02","06","07:00","-13.3","","-19.7","","59","","30","","17","","24.1","","101.57","","","","-21","","Mostly Cloudy"
"2017-02-06 08:00","2017","02","06","08:00","-13.4","","-19.6","","60","","27","","14","","24.1","","101.59","","","","-21","","NA"
"2017-02-06 09:00","2017","02","06","09:00","-12.8","","-20.1","","55","","27","","12","","24.1","","101.66","","","","-19","","NA"
"2017-02-06 10:00","2017","02","06","10:00","-12.5","","-20.2","","53","","27","","18","","24.1","","101.63","","","","-21","","Cloudy"
"2017-02-06 11:00","2017","02","06","11:00","-11.8","","-19.8","","52","","28","","13","","48.3","","101.66","","","","-18","","NA"
"2017-02-06 12:00","2017","02","06","12:00","-11.0","","-19.3","","51","","29","","18","","24.1","","101.65","","","","-19","","NA"
"2017-02-06 13:00","2017","02","06","13:00","-10.6","","-18.9","","51","","29","","12","","24.1","","101.58","","","","-17","","Cloudy"
"2017-02-06 14:00","2017","02","06","14:00","-10.2","","-17.8","","54","","24","","18","","24.1","","101.53","","","","-18","","NA"
"2017-02-06 15:00","2017","02","06","15:00","-10.2","","-16.4","","61","","21","","16","","19.3","","101.55","","","","-17","","Snow"
"2017-02-06 16:00","2017","02","06","16:00","-10.7","","-14.5","","74","","23","","16","","4.8","","101.60","","","","-18","","Snow"
"2017-02-06 17:00","2017","02","06","17:00","-10.5","","-14.0","","76","","23","","13","","3.6","","101.54","","","","-17","","Snow"
"2017-02-06 18:00","2017","02","06","18:00","-10.4","","-13.1","","81","","25","","9","","4.0","","101.57","","","","-15","","Snow"
"2017-02-06 19:00","2017","02","06","19:00","-10.2","","-12.9","","81","","24","","5","","4.8","","101.56","","","","-13","","Snow"
"2017-02-06 20:00","2017","02","06","20:00","-9.7","","-12.1","","83","","36","","2","","6.4","","101.56","","","","-11","","Snow"
"2017-02-06 21:00","2017","02","06","21:00","-9.6","","-12.0","","83","","10","","6","","4.8","","101.53","","","","-13","","Snow"
"2017-02-06 22:00","2017","02","06","22:00","-9.7","","-12.1","","83","","12","","14","","8.1","","101.52","","","","-16","","Snow"
"2017-02-06 23:00","2017","02","06","23:00","-10.0","","-12.5","","82","","9","","9","","9.7","","101.51","","","","-15","","Snow"
"2017-02-07 00:00","2017","02","07","00:00","-9.8","","-12.3","","82","","9","","13","","8.1","","101.54","","","","-16","","Snow"
"2017-02-07 01:00","2017","02","07","01:00","-9.8","","-12.2","","83","","9","","11","","2.8","","101.58","","","","-15","","Snow"
"2017-02-07 02:00","2017","02","07","02:00","-9.9","","-12.4","","82","","6","","14","","3.2","","101.62","","","","-16","","Snow"
"2017-02-07 03:00","2017","02","07","03:00","-9.9","","-12.3","","83","","7","","13","","2.4","","101.61","","","","-16","","Snow"
"2017-02-07 04:00","2017","02","07","04:00","-10.0","","-13.1","","78","","5","","21","","6.4","","101.63","","","","-18","","Snow"
"2017-02-07 05:00","2017","02","07","05:00","-10.0","","-13.8","","74","","6","","25","","9.7","","101.62","","","","-19","","Snow"
"2017-02-07 06:00","2017","02","07","06:00","-10.2","","-14.7","","70","","6","","24","","16.1","","101.62","","","","-19","","Snow"
"2017-02-07 07:00","2017","02","07","07:00","-10.5","","-15.2","","69","","7","","31","","24.1","","101.64","","","","-20","","Snow"
"2017-02-07 08:00","2017","02","07","08:00","-10.6","","-15.2","","69","","4","","26","","24.1","","101.68","","","","-20","","Snow,Blowing Snow"
"2017-02-07 09:00","2017","02","07","09:00","-11.8","","-15.2","","76","","4","","30","","24.1","","101.65","","","","-22","","Blowing Snow"
"2017-02-07 10:00","2017","02","07","10:00","-11.8","","-15.9","","72","","3","","37","","24.1","","101.62","","","","-23","","Snow,Blowing Snow"
"2017-02-07 11:00","2017","02","07","11:00","-11.4","","-15.8","","70","","4","","31","","24.1","","101.51","","","","-21","","Snow,Blowing Snow"
"2017-02-07 12:00","2017","02","07","12:00","-10.9","","-15.7","","68","","4","","32","","24.1","","101.35","","","","-21","","Blowing Snow"
"2017-02-07 13:00","2017","02","07","13:00","-10.7","","-15.5","","68","","4","","39","","6.4","","101.17","","","","-22","","Snow,Blowing Snow"
"2017-02-07 14:00","2017","02","07","14:00","-10.9","","-15.2","","71","","4","","40","","19.3","","101.04","","","","-22","","Snow,Blowing Snow"
"2017-02-07 15:00","2017","02","07","15:00","-10.4","","-14.2","","74","","4","","41","","24.1","","100.90","","","","-21","","Blowing Snow"
"2017-02-07 16:00","2017","02","07","16:00","-9.9","","-13.2","","77","","5","","42","","24.1","","100.78","","","","-21","","Blowing Snow"
"2017-02-07 17:00","2017","02","07","17:00","-9.9","","-13.0","","78","","4","","49","","19.3","","100.62","","","","-22","","Blowing Snow"
"2017-02-07 18:00","2017","02","07","18:00","-10.0","","-12.7","","81","","5","","39","","4.0","","100.44","","","","-21","","Snow,Blowing Snow"
"2017-02-07 19:00","2017","02","07","19:00","-9.7","","-12.2","","82","","4","","35","","4.8","","100.23","","","","-20","","Snow,Blowing Snow"
"2017-02-07 20:00","2017","02","07","20:00","-9.2","","-11.4","","84","","4","","38","","3.2","","100.02","","","","-19","","Snow,Blowing Snow"
"2017-02-07 21:00","2017","02","07","21:00","-8.6","","-10.7","","85","","4","","39","","2.4","","99.73","","","","-19","","Snow,Ice Pellets,Blowing Snow"
"2017-02-07 22:00","2017","02","07","22:00","-7.5","","-9.2","","88","","5","","27","","1.0","","99.55","","","","-16","","Snow,Ice Pellets,Blowing Snow"
"2017-02-07 23:00","2017","02","07","23:00","-3.2","","-4.5","","91","","7","","26","","6.4","","99.28","","","","-10","","Freezing Rain,Ice Pellets"
"2017-02-08 00:00","2017","02","08","00:00","0.0","","-1.6","","89","","11","","31","","8.1","","98.99","","","","-7","","Freezing Rain"
"2017-02-08 01:00","2017","02","08","01:00","1.1","","-0.5","","89","","13","","27","","9.7","","98.78","","","","","","Rain,Fog"
"2017-02-08 02:00","2017","02","08","02:00","1.8","","0.0","","88","","14","","31","","9.7","","98.60","","","","","","Rain,Fog"
"2017-02-08 03:00","2017","02","08","03:00","1.9","","0.6","","91","","15","","32","","6.4","","98.46","","","","","","Rain,Fog"
"2017-02-08 04:00","2017","02","08","04:00","2.1","","0.9","","92","","17","","23","","8.1","","98.44","","","","","","Rain,Fog"
"2017-02-08 05:00","2017","02","08","05:00","0.3","","-0.6","","94","","30","","18","","16.1","","98.61","","","","","","Rain"
"2017-02-08 06:00","2017","02","08","06:00","-1.9","","-2.9","","93","","24","","5","","11.3","","98.78","","","","-4","","NA"
"2017-02-08 07:00","2017","02","08","07:00","2.7","","-0.1","","82","","27","","40","","16.1","","98.91","","","","","","Cloudy"
"2017-02-08 08:00","2017","02","08","08:00","2.4","","0.0","","84","","26","","30","","24.1","","99.10","","","","","","Rain"
"2017-02-08 09:00","2017","02","08","09:00","1.2","","-0.6","","88","","28","","38","","16.1","","99.35","","","","","","Rain Showers"
"2017-02-08 10:00","2017","02","08","10:00","1.0","","-4.5","","67","","27","","36","","24.1","","99.58","","","","","","Mainly Clear"
"2017-02-08 11:00","2017","02","08","11:00","-0.3","","-7.4","","59","","27","","43","","24.1","","99.84","","","","-8","","NA"
"2017-02-08 12:00","2017","02","08","12:00","-1.0","","-7.8","","60","","28","","37","","24.1","","99.97","","","","-8","","NA"
"2017-02-08 13:00","2017","02","08","13:00","-1.5","","-8.5","","59","","27","","35","","24.1","","100.10","","","","-9","","Mostly Cloudy"
"2017-02-08 14:00","2017","02","08","14:00","-1.3","","-9.7","","53","","28","","33","","24.1","","100.12","","","","-8","","NA"
"2017-02-08 15:00","2017","02","08","15:00","-1.1","","-9.0","","55","","28","","26","","48.3","","100.19","","","","-7","","NA"
"2017-02-08 16:00","2017","02","08","16:00","-1.9","","-9.6","","56","","28","","36","","48.3","","100.25","","","","-10","","Mainly Clear"
"2017-02-08 17:00","2017","02","08","17:00","-2.8","","-9.7","","59","","29","","17","","48.3","","100.27","","","","-8","","NA"
"2017-02-08 18:00","2017","02","08","18:00","-3.7","","-10.6","","59","","29","","17","","24.1","","100.40","","","","-9","","NA"
"2017-02-08 19:00","2017","02","08","19:00","-4.0","","-10.9","","59","","30","","19","","24.1","","100.50","","","","-10","","Mostly Cloudy"
"2017-02-08 20:00","2017","02","08","20:00","-4.7","","-11.3","","60","","31","","12","","24.1","","100.64","","","","-9","","NA"
"2017-02-08 21:00","2017","02","08","21:00","-5.6","","-13.1","","56","","30","","14","","24.1","","100.68","","","","-11","","NA"
"2017-02-08 22:00","2017","02","08","22:00","-6.4","","-14.7","","52","","33","","17","","24.1","","100.81","","","","-13","","Mostly Cloudy"
"2017-02-08 23:00","2017","02","08","23:00","-7.8","","-15.1","","56","","35","","19","","24.1","","100.82","","","","-15","","NA"
"2017-02-09 00:00","2017","02","09","00:00","-8.8","","-16.8","","53","","33","","19","","24.1","","100.86","","","","-16","","NA"
"2017-02-09 01:00","2017","02","09","01:00","-9.8","","-16.6","","58","","35","","18","","24.1","","100.81","","","","-17","","Mostly Cloudy"
"2017-02-09 02:00","2017","02","09","02:00","-11.0","","-17.3","","60","","36","","23","","24.1","","100.93","","","","-20","","NA"
"2017-02-09 03:00","2017","02","09","03:00","-12.3","","-18.8","","59","","1","","26","","24.1","","100.85","","","","-22","","NA"
"2017-02-09 04:00","2017","02","09","04:00","-13.5","","-20.5","","56","","1","","31","","24.1","","100.84","","","","-24","","Cloudy"
"2017-02-09 05:00","2017","02","09","05:00","-14.1","","-20.7","","58","","2","","24","","24.1","","100.93","","","","-24","","NA"
"2017-02-09 06:00","2017","02","09","06:00","-14.5","","-20.7","","60","","2","","23","","24.1","","101.00","","","","-24","","NA"
"2017-02-09 07:00","2017","02","09","07:00","-14.9","","-21.2","","59","","2","","22","","24.1","","100.96","","","","-24","","Cloudy"
"2017-02-09 08:00","2017","02","09","08:00","-15.2","","-21.7","","58","","2","","26","","24.1","","100.98","","","","-26","","NA"
"2017-02-09 09:00","2017","02","09","09:00","-15.2","","-22.4","","55","","2","","17","","24.1","","101.02","","","","-24","","NA"
"2017-02-09 10:00","2017","02","09","10:00","-15.0","","-22.6","","53","","36","","16","","24.1","","101.01","","","","-23","","Cloudy"
"2017-02-09 11:00","2017","02","09","11:00","-14.7","","-22.3","","53","","36","","14","","24.1","","100.95","","","","-22","","NA"
"2017-02-09 12:00","2017","02","09","12:00","-14.1","","-21.7","","53","","34","","12","","24.1","","100.92","","","","-21","","NA"
"2017-02-09 13:00","2017","02","09","13:00","-14.1","","-22.9","","48","","35","","15","","24.1","","100.84","","","","-22","","Cloudy"
"2017-02-09 14:00","2017","02","09","14:00","-12.8","","-22.7","","44","","32","","5","","24.1","","100.79","","","","-16","","NA"
"2017-02-09 15:00","2017","02","09","15:00","-11.7","","-21.2","","46","","28","","15","","24.1","","100.75","","","","-19","","NA"
"2017-02-09 16:00","2017","02","09","16:00","-11.4","","-20.6","","47","","27","","11","","24.1","","100.77","","","","-17","","Mostly Cloudy"
"2017-02-09 17:00","2017","02","09","17:00","-11.2","","-19.7","","50","","28","","17","","24.1","","100.79","","","","-19","","NA"
"2017-02-09 18:00","2017","02","09","18:00","-11.2","","-20.4","","47","","29","","20","","24.1","","100.82","","","","-19","","NA"
"2017-02-09 19:00","2017","02","09","19:00","-11.8","","-21.0","","47","","30","","17","","24.1","","100.85","","","","-19","","Mainly Clear"
"2017-02-09 20:00","2017","02","09","20:00","-12.7","","-21.6","","48","","30","","19","","24.1","","100.90","","","","-21","","NA"
"2017-02-09 21:00","2017","02","09","21:00","-13.0","","-21.9","","48","","29","","16","","24.1","","100.93","","","","-21","","NA"
"2017-02-09 22:00","2017","02","09","22:00","-13.5","","-21.6","","51","","29","","11","","24.1","","100.93","","","","-20","","Mainly Clear"
"2017-02-09 23:00","2017","02","09","23:00","-13.9","","-21.3","","54","","27","","7","","24.1","","100.92","","","","-19","","NA"
"2017-02-10 00:00","2017","02","10","00:00","-13.9","","-20.9","","56","","26","","16","","24.1","","100.93","","","","-22","","NA"
"2017-02-10 01:00","2017","02","10","01:00","-14.0","","-20.2","","60","","24","","15","","24.1","","100.90","","","","-22","","Mostly Cloudy"
"2017-02-10 02:00","2017","02","10","02:00","-14.0","","-20.0","","61","","26","","23","","24.1","","100.90","","","","-24","","NA"
"2017-02-10 03:00","2017","02","10","03:00","-14.2","","-20.0","","62","","28","","26","","24.1","","101.02","","","","-24","","NA"
"2017-02-10 04:00","2017","02","10","04:00","-14.7","","-20.3","","63","","28","","27","","24.1","","101.13","","","","-25","","Mainly Clear"
"2017-02-10 05:00","2017","02","10","05:00","-14.8","","-22.2","","54","","27","","26","","24.1","","101.23","","","","-25","","NA"
"2017-02-10 06:00","2017","02","10","06:00","-15.4","","-21.7","","59","","27","","30","","24.1","","101.36","","","","-27","","NA"
"2017-02-10 07:00","2017","02","10","07:00","-16.0","","-22.7","","57","","28","","28","","24.1","","101.50","","","","-27","","Mainly Clear"
"2017-02-10 08:00","2017","02","10","08:00","-16.1","","-23.2","","55","","28","","30","","24.1","","101.65","","","","-27","","NA"
"2017-02-10 09:00","2017","02","10","09:00","-15.9","","-23.0","","55","","28","","35","","24.1","","101.70","","","","-28","","NA"
"2017-02-10 10:00","2017","02","10","10:00","-15.2","","-22.6","","54","","28","","26","","48.3","","101.79","","","","-26","","Clear"
"2017-02-10 11:00","2017","02","10","11:00","-14.8","","-23.3","","49","","27","","30","","48.3","","101.89","","","","-26","","NA"
"2017-02-10 12:00","2017","02","10","12:00","-14.4","","-23.4","","47","","28","","28","","48.3","","101.88","","","","-25","","NA"
"2017-02-10 13:00","2017","02","10","13:00","-14.0","","-23.3","","46","","28","","19","","48.3","","101.89","","","","-23","","Mainly Clear"
"2017-02-10 14:00","2017","02","10","14:00","-13.5","","-22.6","","47","","27","","34","","48.3","","101.86","","","","-25","","NA"
"2017-02-10 15:00","2017","02","10","15:00","-13.5","","-23.9","","42","","27","","22","","48.3","","101.89","","","","-23","","NA"
"2017-02-10 16:00","2017","02","10","16:00","-13.8","","-25.0","","39","","25","","13","","48.3","","101.84","","","","-21","","Mostly Cloudy"
"2017-02-10 17:00","2017","02","10","17:00","-13.7","","-24.3","","41","","22","","11","","48.3","","101.80","","","","-20","","NA"
"2017-02-10 18:00","2017","02","10","18:00","-13.8","","-24.2","","42","","23","","14","","24.1","","101.75","","","","-21","","NA"
"2017-02-10 19:00","2017","02","10","19:00","-13.6","","-24.5","","40","","25","","8","","24.1","","101.73","","","","-19","","Cloudy"
"2017-02-10 20:00","2017","02","10","20:00","-13.7","","-24.9","","39","","30","","4","","24.1","","101.63","","","","-16","","NA"
"2017-02-10 21:00","2017","02","10","21:00","-13.3","","-24.0","","41","","36","","1","","24.1","","101.59","","","","-14","","NA"
"2017-02-10 22:00","2017","02","10","22:00","-13.2","","-22.8","","45","","13","","16","","24.1","","101.56","","","","-21","","Cloudy"
"2017-02-10 23:00","2017","02","10","23:00","-13.5","","-21.6","","51","","12","","13","","19.3","","101.51","","","","-20","","Snow"
"2017-02-11 00:00","2017","02","11","00:00","-13.4","","-20.4","","56","","11","","19","","16.1","","101.46","","","","-22","","Snow"
"2017-02-11 01:00","2017","02","11","01:00","-13.3","","-19.7","","59","","10","","21","","8.1","","101.32","","","","-22","","Snow"
"2017-02-11 02:00","2017","02","11","02:00","-13.4","","-17.4","","72","","8","","17","","8.1","","101.25","","","","-21","","Snow"
"2017-02-11 03:00","2017","02","11","03:00","-13.2","","-17.1","","73","","7","","15","","6.4","","101.16","","","","-21","","Snow"
"2017-02-11 04:00","2017","02","11","04:00","-13.2","","-16.4","","77","","4","","21","","2.0","","101.10","","","","-22","","Snow"
"2017-02-11 05:00","2017","02","11","05:00","-13.6","","-17.1","","75","","5","","20","","6.4","","101.03","","","","-22","","Snow"
"2017-02-11 06:00","2017","02","11","06:00","-13.7","","-16.8","","78","","4","","26","","4.0","","101.00","","","","-24","","Snow"
"2017-02-11 07:00","2017","02","11","07:00","-13.8","","-16.9","","78","","3","","27","","3.6","","101.02","","","","-24","","Snow"
"2017-02-11 08:00","2017","02","11","08:00","-13.7","","-16.8","","78","","3","","28","","2.4","","101.02","","","","-24","","Snow"
"2017-02-11 09:00","2017","02","11","09:00","-13.5","","-16.4","","79","","2","","22","","2.4","","101.05","","","","-23","","Snow"
"2017-02-11 10:00","2017","02","11","10:00","-13.0","","-16.2","","77","","2","","27","","2.4","","101.11","","","","-23","","Snow"
"2017-02-11 11:00","2017","02","11","11:00","-12.7","","-16.1","","76","","2","","26","","16.1","","101.16","","","","-22","","Snow"
"2017-02-11 12:00","2017","02","11","12:00","-12.0","","-15.6","","75","","2","","26","","16.1","","101.18","","","","-22","","Snow"
"2017-02-11 13:00","2017","02","11","13:00","-11.3","","-14.9","","75","","2","","25","","24.1","","101.20","","","","-20","","Snow"
"2017-02-11 14:00","2017","02","11","14:00","-11.0","","-14.6","","75","","2","","24","","16.1","","101.26","","","","-20","","Snow"
"2017-02-11 15:00","2017","02","11","15:00","-10.8","","-14.4","","75","","2","","22","","12.9","","101.34","","","","-19","","Snow"
"2017-02-11 16:00","2017","02","11","16:00","-10.5","","-14.0","","76","","1","","21","","12.9","","101.43","","","","-19","","Snow"
"2017-02-11 17:00","2017","02","11","17:00","-10.8","","-14.3","","76","","2","","22","","24.1","","101.54","","","","-19","","Snow"
"2017-02-11 18:00","2017","02","11","18:00","-11.4","","-15.2","","74","","2","","16","","24.1","","101.64","","","","-19","","NA"
"2017-02-11 19:00","2017","02","11","19:00","-11.8","","-15.4","","75","","2","","16","","24.1","","101.70","","","","-19","","Clear"
"2017-02-11 20:00","2017","02","11","20:00","-12.4","","-16.0","","75","","2","","14","","24.1","","101.80","","","","-19","","NA"
"2017-02-11 21:00","2017","02","11","21:00","-12.8","","-16.4","","75","","2","","17","","24.1","","101.84","","","","-21","","NA"
"2017-02-11 22:00","2017","02","11","22:00","-13.1","","-16.5","","76","","2","","16","","24.1","","101.87","","","","-21","","Cloudy"
"2017-02-11 23:00","2017","02","11","23:00","-12.8","","-16.2","","76","","3","","21","","24.1","","101.90","","","","-22","","NA"
"2017-02-12 00:00","2017","02","12","00:00","-12.8","","-16.2","","76","","1","","19","","24.1","","101.93","","","","-21","","NA"
"2017-02-12 01:00","2017","02","12","01:00","-13.0","","-16.2","","77","","2","","18","","24.1","","101.93","","","","-21","","Cloudy"
"2017-02-12 02:00","2017","02","12","02:00","-13.1","","-16.2","","78","","4","","16","","24.1","","101.93","","","","-21","","NA"
"2017-02-12 03:00","2017","02","12","03:00","-13.2","","-16.1","","79","","3","","17","","24.1","","101.93","","","","-21","","NA"
"2017-02-12 04:00","2017","02","12","04:00","-13.4","","-16.2","","80","","3","","16","","24.1","","101.86","","","","-21","","Cloudy"
"2017-02-12 05:00","2017","02","12","05:00","-13.3","","-16.1","","80","","3","","25","","24.1","","101.80","","","","-23","","NA"
"2017-02-12 06:00","2017","02","12","06:00","-13.4","","-16.2","","80","","3","","22","","24.1","","101.75","","","","-23","","NA"
"2017-02-12 07:00","2017","02","12","07:00","-13.6","","-16.4","","80","","3","","22","","24.1","","101.66","","","","-23","","Cloudy"
"2017-02-12 08:00","2017","02","12","08:00","-13.5","","-16.3","","80","","3","","21","","24.1","","101.61","","","","-22","","NA"
"2017-02-12 09:00","2017","02","12","09:00","-12.8","","-15.6","","80","","3","","26","","24.1","","101.49","","","","-23","","NA"
"2017-02-12 10:00","2017","02","12","10:00","-11.9","","-14.8","","79","","3","","23","","19.3","","101.41","","","","-21","","Cloudy"
"2017-02-12 11:00","2017","02","12","11:00","-11.3","","-14.4","","78","","3","","27","","24.1","","101.27","","","","-21","","NA"
"2017-02-12 12:00","2017","02","12","12:00","-10.6","","-13.9","","77","","4","","24","","24.1","","101.08","","","","-19","","NA"
"2017-02-12 13:00","2017","02","12","13:00","-10.5","","-13.2","","81","","3","","28","","1.6","","100.95","","","","-20","","Snow,Blowing Snow"
"2017-02-12 14:00","2017","02","12","14:00","-9.7","","-11.9","","84","","4","","31","","1.2","","100.80","","","","-19","","Snow,Blowing Snow"
"2017-02-12 15:00","2017","02","12","15:00","-8.9","","-10.8","","86","","4","","26","","1.2","","100.69","","","","-18","","Snow"
"2017-02-12 16:00","2017","02","12","16:00","-7.8","","-9.6","","87","","4","","23","","1.0","","100.56","","","","-16","","Snow,Blowing Snow"
"2017-02-12 17:00","2017","02","12","17:00","-6.6","","-8.1","","89","","4","","17","","1.0","","100.42","","","","-13","","Snow,Blowing Snow"
"2017-02-12 18:00","2017","02","12","18:00","-5.2","","-6.6","","90","","5","","14","","1.2","","100.38","","","","-11","","Snow,Blowing Snow"
"2017-02-12 19:00","2017","02","12","19:00","-3.5","","-4.8","","91","","8","","18","","1.0","","100.27","","","","-9","","Moderate Snow,Blowing Snow"
"2017-02-12 20:00","2017","02","12","20:00","-3.4","","-4.7","","91","","7","","18","","1.6","","100.14","","","","-9","","Snow,Blowing Snow"
"2017-02-12 21:00","2017","02","12","21:00","-3.3","","-4.6","","91","","8","","23","","1.2","","100.00","","","","-10","","Snow,Blowing Snow"
"2017-02-12 22:00","2017","02","12","22:00","-3.4","","-4.7","","91","","7","","21","","1.2","","99.88","","","","-10","","Snow,Blowing Snow"
"2017-02-12 23:00","2017","02","12","23:00","-3.5","","-4.8","","91","","6","","27","","1.6","","99.76","","","","-11","","Snow,Blowing Snow"
"2017-02-13 00:00","2017","02","13","00:00","-3.6","","-5.2","","89","","6","","24","","1.6","","99.70","","","","-10","","Snow,Blowing Snow"
"2017-02-13 01:00","2017","02","13","01:00","-4.2","","-5.8","","89","","4","","27","","1.6","","99.68","","","","-12","","Snow,Blowing Snow"
"2017-02-13 02:00","2017","02","13","02:00","-4.9","","-6.7","","87","","5","","23","","4.0","","99.74","","","","-12","","Snow,Blowing Snow"
"2017-02-13 03:00","2017","02","13","03:00","-5.4","","-7.2","","87","","3","","25","","3.2","","99.80","","","","-13","","Snow,Blowing Snow"
"2017-02-13 04:00","2017","02","13","04:00","-6.8","","-8.8","","86","","1","","25","","2.8","","99.90","","","","-15","","Snow,Blowing Snow"
"2017-02-13 05:00","2017","02","13","05:00","-7.5","","-9.6","","85","","1","","27","","4.8","","100.03","","","","-16","","Snow,Blowing Snow"
"2017-02-13 06:00","2017","02","13","06:00","-7.7","","-10.3","","82","","36","","24","","6.4","","100.18","","","","-16","","Snow,Blowing Snow"
"2017-02-13 07:00","2017","02","13","07:00","-7.8","","-10.7","","80","","35","","26","","16.1","","100.33","","","","-16","","Snow,Blowing Snow"
"2017-02-13 08:00","2017","02","13","08:00","-7.7","","-10.9","","78","","1","","27","","16.1","","100.49","","","","-16","","Snow,Blowing Snow"
"2017-02-13 09:00","2017","02","13","09:00","-6.9","","-10.5","","76","","1","","19","","24.1","","100.62","","","","-14","","Snow,Blowing Snow"
"2017-02-13 10:00","2017","02","13","10:00","-6.1","","-10.4","","72","","35","","26","","9.7","","100.70","","","","-14","","Snow,Blowing Snow"
"2017-02-13 11:00","2017","02","13","11:00","-5.9","","-10.7","","69","","36","","22","","12.9","","100.81","","","","-13","","Snow,Blowing Snow"
"2017-02-13 12:00","2017","02","13","12:00","-5.1","","-10.3","","67","","1","","22","","24.1","","100.85","","","","-12","","Snow,Blowing Snow"
"2017-02-13 13:00","2017","02","13","13:00","-4.3","","-10.5","","62","","34","","13","","24.1","","100.86","","","","-9","","Snow"
"2017-02-13 14:00","2017","02","13","14:00","-3.9","","-10.0","","63","","27","","14","","24.1","","100.92","","","","-9","","Snow"
"2017-02-13 15:00","2017","02","13","15:00","-3.5","","-9.6","","63","","25","","17","","24.1","","100.96","","","","-9","","Snow"
"2017-02-13 16:00","2017","02","13","16:00","-3.2","","-8.7","","66","","26","","16","","24.1","","100.98","","","","-9","","Cloudy"
"2017-02-13 17:00","2017","02","13","17:00","-3.4","","-8.1","","70","","25","","17","","24.1","","101.02","","","","-9","","NA"
"2017-02-13 18:00","2017","02","13","18:00","-3.3","","-8.2","","69","","27","","14","","24.1","","101.06","","","","-8","","NA"
"2017-02-13 19:00","2017","02","13","19:00","-3.5","","-8.6","","68","","27","","20","","24.1","","101.09","","","","-10","","Cloudy"
"2017-02-13 20:00","2017","02","13","20:00","-3.9","","-8.8","","69","","27","","17","","24.1","","101.07","","","","-10","","NA"
"2017-02-13 21:00","2017","02","13","21:00","-4.3","","-9.2","","69","","27","","16","","24.1","","101.06","","","","-10","","NA"
"2017-02-13 22:00","2017","02","13","22:00","-4.5","","-9.6","","68","","28","","14","","24.1","","101.05","","","","-10","","Cloudy"
"2017-02-13 23:00","2017","02","13","23:00","-4.8","","-9.5","","70","","26","","16","","24.1","","101.01","","","","-11","","NA"
"2017-02-14 00:00","2017","02","14","00:00","-5.3","","-9.8","","71","","28","","17","","24.1","","100.99","","","","-11","","NA"
"2017-02-14 01:00","2017","02","14","01:00","-5.8","","-10.1","","72","","25","","17","","24.1","","100.99","","","","-12","","Snow"
"2017-02-14 02:00","2017","02","14","02:00","-6.2","","-10.1","","74","","25","","13","","24.1","","101.00","","","","-12","","Snow"
"2017-02-14 03:00","2017","02","14","03:00","-6.3","","-10.0","","75","","23","","14","","24.1","","100.98","","","","-12","","Snow"
"2017-02-14 04:00","2017","02","14","04:00","-7.0","","-10.2","","78","","22","","12","","24.1","","100.97","","","","-12","","Cloudy"
"2017-02-14 05:00","2017","02","14","05:00","-8.9","","-11.6","","81","","21","","11","","24.1","","100.94","","","","-14","","NA"
"2017-02-14 06:00","2017","02","14","06:00","-10.4","","-12.5","","85","","20","","13","","24.1","","100.86","","","","-17","","NA"
"2017-02-14 07:00","2017","02","14","07:00","-11.2","","-12.8","","88","","21","","10","","9.7","","100.86","","","","-17","","Fog"
"2017-02-14 08:00","2017","02","14","08:00","-10.6","","-12.4","","87","","26","","8","","16.1","","100.87","","","","-15","","NA"
"2017-02-14 09:00","2017","02","14","09:00","-8.3","","-10.9","","82","","36","","1","","24.1","","100.81","","","","-9","","NA"
"2017-02-14 10:00","2017","02","14","10:00","-7.6","","-10.3","","81","","21","","5","","24.1","","100.76","","","","-10","","Cloudy"
"2017-02-14 11:00","2017","02","14","11:00","-6.8","","-10.0","","78","","12","","4","","24.1","","100.68","","","","-9","","NA"
"2017-02-14 12:00","2017","02","14","12:00","-5.1","","-9.6","","71","","16","","7","","48.3","","100.57","","","","-8","","NA"
"2017-02-14 13:00","2017","02","14","13:00","-4.8","","-9.5","","70","","10","","12","","48.3","","100.42","","","","-10","","Cloudy"
"2017-02-14 14:00","2017","02","14","14:00","-4.4","","-9.6","","67","","11","","14","","48.3","","100.33","","","","-10","","NA"
"2017-02-14 15:00","2017","02","14","15:00","-3.7","","-10.0","","62","","11","","14","","24.1","","100.29","","","","-9","","NA"
"2017-02-14 16:00","2017","02","14","16:00","-3.9","","-10.0","","63","","10","","16","","24.1","","100.27","","","","-9","","Cloudy"
"2017-02-14 17:00","2017","02","14","17:00","-4.0","","-9.8","","64","","8","","15","","24.1","","100.21","","","","-9","","NA"
"2017-02-14 18:00","2017","02","14","18:00","-3.9","","-9.8","","64","","8","","18","","24.1","","100.17","","","","-10","","NA"
"2017-02-14 19:00","2017","02","14","19:00","-4.1","","-9.7","","65","","8","","19","","24.1","","100.15","","","","-10","","Cloudy"
"2017-02-14 20:00","2017","02","14","20:00","-4.0","","-9.7","","65","","8","","19","","24.1","","100.11","","","","-10","","NA"
"2017-02-14 21:00","2017","02","14","21:00","-4.0","","-9.1","","68","","5","","11","","24.1","","100.03","","","","-8","","NA"
"2017-02-14 22:00","2017","02","14","22:00","-4.6","","-8.9","","72","","3","","16","","24.1","","99.95","","","","-10","","Snow"
"2017-02-14 23:00","2017","02","14","23:00","-4.8","","-7.6","","81","","3","","14","","2.4","","99.89","","","","-10","","Snow"
"2017-02-15 00:00","2017","02","15","00:00","-4.1","","-5.7","","89","","7","","13","","2.0","","99.77","","","","-9","","Snow"
"2017-02-15 01:00","2017","02","15","01:00","-3.5","","-5.1","","89","","9","","11","","3.2","","99.69","","","","-8","","Snow"
"2017-02-15 02:00","2017","02","15","02:00","-2.9","","-4.3","","90","","6","","14","","4.0","","99.60","","","","-8","","Snow"
"2017-02-15 03:00","2017","02","15","03:00","-2.9","","-4.2","","91","","4","","12","","4.0","","99.54","","","","-7","","Snow"
"2017-02-15 04:00","2017","02","15","04:00","-4.2","","-5.6","","90","","1","","15","","4.8","","99.53","","","","-10","","Snow"
"2017-02-15 05:00","2017","02","15","05:00","-4.6","","-6.0","","90","","1","","17","","6.4","","99.48","","","","-10","","Snow"
"2017-02-15 06:00","2017","02","15","06:00","-5.3","","-7.0","","88","","2","","22","","8.1","","99.42","","","","-12","","Snow"
"2017-02-15 07:00","2017","02","15","07:00","-5.5","","-7.2","","88","","2","","24","","9.7","","99.40","","","","-13","","Snow"
"2017-02-15 08:00","2017","02","15","08:00","-5.5","","-7.2","","88","","3","","22","","4.8","","99.38","","","","-13","","Snow"
"2017-02-15 09:00","2017","02","15","09:00","-5.5","","-6.9","","90","","1","","19","","0.8","","99.36","","","","-12","","Moderate Snow"
"2017-02-15 10:00","2017","02","15","10:00","-6.3","","-8.3","","86","","2","","23","","4.0","","99.31","","","","-14","","Snow"
"2017-02-15 11:00","2017","02","15","11:00","-6.0","","-8.1","","85","","2","","24","","19.3","","99.28","","","","-13","","Snow"
"2017-02-15 12:00","2017","02","15","12:00","-5.4","","-7.5","","85","","2","","25","","19.3","","99.26","","","","-13","","Snow"
"2017-02-15 13:00","2017","02","15","13:00","-5.2","","-7.3","","85","","2","","27","","19.3","","99.18","","","","-13","","Snow"
"2017-02-15 14:00","2017","02","15","14:00","-5.0","","-7.0","","86","","2","","25","","19.3","","99.16","","","","-12","","NA"
"2017-02-15 15:00","2017","02","15","15:00","-5.0","","-6.8","","87","","36","","22","","3.2","","99.18","","","","-12","","Snow"
"2017-02-15 16:00","2017","02","15","16:00","-5.0","","-6.7","","88","","1","","20","","8.1","","99.19","","","","-12","","Snow"
"2017-02-15 17:00","2017","02","15","17:00","-4.8","","-6.8","","86","","1","","21","","24.1","","99.20","","","","-11","","NA"
"2017-02-15 18:00","2017","02","15","18:00","-4.7","","-6.4","","88","","34","","13","","9.7","","99.25","","","","-10","","Snow"
"2017-02-15 19:00","2017","02","15","19:00","-4.7","","-6.2","","89","","35","","14","","8.1","","99.26","","","","-10","","Snow"
"2017-02-15 20:00","2017","02","15","20:00","-4.5","","-5.9","","90","","34","","12","","4.8","","99.27","","","","-9","","Snow"
"2017-02-15 21:00","2017","02","15","21:00","-4.2","","-6.1","","87","","33","","16","","12.9","","99.28","","","","-10","","Snow"
"2017-02-15 22:00","2017","02","15","22:00","-3.8","","-6.0","","85","","31","","12","","9.7","","99.25","","","","-8","","Snow"
"2017-02-15 23:00","2017","02","15","23:00","-3.7","","-5.9","","85","","30","","11","","12.9","","99.22","","","","-8","","Snow"
"2017-02-16 00:00","2017","02","16","00:00","-3.7","","-5.6","","87","","32","","11","","4.8","","99.26","","","","-8","","Snow"
"2017-02-16 01:00","2017","02","16","01:00","-3.8","","-5.5","","88","","30","","13","","6.4","","99.23","","","","-9","","Snow"
"2017-02-16 02:00","2017","02","16","02:00","-4.0","","-5.7","","88","","33","","13","","6.4","","99.22","","","","-9","","Snow"
"2017-02-16 03:00","2017","02","16","03:00","-4.1","","-5.8","","88","","34","","15","","4.8","","99.22","","","","-9","","Snow"
"2017-02-16 04:00","2017","02","16","04:00","-4.2","","-6.1","","87","","32","","14","","6.4","","99.24","","","","-9","","Snow"
"2017-02-16 05:00","2017","02","16","05:00","-4.4","","-6.1","","88","","34","","17","","4.0","","99.29","","","","-10","","Snow"
"2017-02-16 06:00","2017","02","16","06:00","-4.6","","-6.3","","88","","34","","19","","3.2","","99.38","","","","-11","","Snow"
"2017-02-16 07:00","2017","02","16","07:00","-4.5","","-6.5","","86","","35","","16","","3.2","","99.48","","","","-10","","Snow"
"2017-02-16 08:00","2017","02","16","08:00","-4.5","","-6.3","","87","","35","","17","","2.4","","99.57","","","","-10","","Snow"
"2017-02-16 09:00","2017","02","16","09:00","-4.2","","-6.5","","84","","34","","12","","2.8","","99.61","","","","-9","","Snow"
"2017-02-16 10:00","2017","02","16","10:00","-3.5","","-6.1","","82","","32","","14","","4.8","","99.64","","","","-9","","Snow"
"2017-02-16 11:00","2017","02","16","11:00","-2.8","","-6.3","","77","","29","","18","","12.9","","99.68","","","","-8","","Snow"
"2017-02-16 12:00","2017","02","16","12:00","-3.1","","-6.4","","78","","29","","16","","16.1","","99.68","","","","-8","","Snow"
"2017-02-16 13:00","2017","02","16","13:00","-2.5","","-6.5","","74","","29","","18","","19.3","","99.66","","","","-8","","Snow"
"2017-02-16 14:00","2017","02","16","14:00","-2.5","","-6.9","","72","","27","","14","","24.1","","99.68","","","","-7","","NA"
"2017-02-16 15:00","2017","02","16","15:00","-2.6","","-7.7","","68","","26","","23","","24.1","","99.70","","","","-9","","NA"
"2017-02-16 16:00","2017","02","16","16:00","-2.0","","-7.9","","64","","27","","19","","24.1","","99.73","","","","-8","","Cloudy"
"2017-02-16 17:00","2017","02","16","17:00","-2.2","","-8.3","","63","","28","","21","","24.1","","99.82","","","","-8","","NA"
"2017-02-16 18:00","2017","02","16","18:00","-2.3","","-8.4","","63","","29","","22","","24.1","","99.89","","","","-8","","Snow"
"2017-02-16 19:00","2017","02","16","19:00","-2.9","","-9.0","","63","","28","","30","","24.1","","99.97","","","","-10","","Snow"
"2017-02-16 20:00","2017","02","16","20:00","-3.3","","-9.0","","65","","28","","22","","24.1","","100.11","","","","-10","","NA"
"2017-02-16 21:00","2017","02","16","21:00","-4.0","","-8.2","","73","","27","","29","","24.1","","100.16","","","","-12","","Snow"
"2017-02-16 22:00","2017","02","16","22:00","-4.1","","-8.1","","74","","27","","18","","24.1","","100.15","","","","-10","","Cloudy"
"2017-02-16 23:00","2017","02","16","23:00","-4.2","","-8.5","","72","","27","","19","","24.1","","100.14","","","","-10","","NA"
"2017-02-17 00:00","2017","02","17","00:00","-4.5","","-9.9","","66","","28","","19","","24.1","","100.17","","","","-11","","NA"
"2017-02-17 01:00","2017","02","17","01:00","-4.9","","-10.7","","64","","28","","26","","24.1","","100.24","","","","-12","","Cloudy"
"2017-02-17 02:00","2017","02","17","02:00","-5.3","","-10.9","","65","","27","","19","","24.1","","100.27","","","","-12","","NA"
"2017-02-17 03:00","2017","02","17","03:00","-5.6","","-11.4","","64","","28","","21","","24.1","","100.29","","","","-12","","NA"
"2017-02-17 04:00","2017","02","17","04:00","-6.2","","-11.8","","65","","27","","19","","24.1","","100.34","","","","-13","","Mostly Cloudy"
"2017-02-17 05:00","2017","02","17","05:00","-6.7","","-12.4","","64","","27","","19","","24.1","","100.40","","","","-14","","NA"
"2017-02-17 06:00","2017","02","17","06:00","-7.6","","-13.1","","65","","27","","18","","24.1","","100.42","","","","-14","","NA"
"2017-02-17 07:00","2017","02","17","07:00","-8.9","","-13.4","","70","","25","","16","","48.3","","100.46","","","","-16","","Clear"
"2017-02-17 08:00","2017","02","17","08:00","-7.5","","-12.6","","67","","26","","25","","48.3","","100.52","","","","-16","","NA"
"2017-02-17 09:00","2017","02","17","09:00","-7.2","","-11.8","","70","","25","","27","","48.3","","100.54","","","","-15","","NA"
"2017-02-17 10:00","2017","02","17","10:00","-6.7","","-11.7","","68","","25","","29","","48.3","","100.54","","","","-15","","Mainly Clear"
"2017-02-17 11:00","2017","02","17","11:00","-5.4","","-11.0","","65","","24","","29","","48.3","","100.53","","","","-13","","NA"
"2017-02-17 12:00","2017","02","17","12:00","-4.4","","-11.1","","60","","25","","36","","48.3","","100.49","","","","-13","","NA"
"2017-02-17 13:00","2017","02","17","13:00","-4.1","","-9.9","","64","","24","","28","","48.3","","100.42","","","","-12","","Mostly Cloudy"
"2017-02-17 14:00","2017","02","17","14:00","-3.7","","-10.2","","61","","24","","29","","48.3","","100.42","","","","-11","","NA"
"2017-02-17 15:00","2017","02","17","15:00","-3.5","","-10.0","","61","","24","","30","","48.3","","100.44","","","","-11","","NA"
"2017-02-17 16:00","2017","02","17","16:00","-3.1","","-9.4","","62","","25","","28","","48.3","","100.46","","","","-10","","Mostly Cloudy"
"2017-02-17 17:00","2017","02","17","17:00","-3.5","","-10.2","","60","","24","","25","","48.3","","100.48","","","","-10","","NA"
"2017-02-17 18:00","2017","02","17","18:00","-4.1","","-10.4","","62","","24","","22","","24.1","","100.55","","","","-11","","NA"
"2017-02-17 19:00","2017","02","17","19:00","-4.5","","-10.3","","64","","23","","21","","24.1","","100.54","","","","-11","","Mainly Clear"
"2017-02-17 20:00","2017","02","17","20:00","-4.7","","-10.1","","66","","24","","21","","24.1","","100.58","","","","-11","","NA"
"2017-02-17 21:00","2017","02","17","21:00","-4.6","","-10.2","","65","","25","","19","","24.1","","100.64","","","","-11","","NA"
"2017-02-17 22:00","2017","02","17","22:00","-4.4","","-9.8","","66","","25","","19","","24.1","","100.59","","","","-11","","Mostly Cloudy"
"2017-02-17 23:00","2017","02","17","23:00","-4.4","","-9.6","","67","","25","","17","","24.1","","100.54","","","","-10","","NA"
"2017-02-18 00:00","2017","02","18","00:00","-4.5","","-9.2","","70","","24","","13","","24.1","","100.52","","","","-10","","NA"
"2017-02-18 01:00","2017","02","18","01:00","-4.6","","-9.1","","71","","23","","8","","24.1","","100.51","","","","-8","","Mostly Cloudy"
"2017-02-18 02:00","2017","02","18","02:00","-5.2","","-9.9","","70","","23","","7","","24.1","","100.49","","","","-8","","NA"
"2017-02-18 03:00","2017","02","18","03:00","-4.8","","-9.3","","71","","21","","9","","24.1","","100.40","","","","-9","","NA"
"2017-02-18 04:00","2017","02","18","04:00","-4.3","","-8.3","","74","","19","","9","","24.1","","100.33","","","","-8","","Cloudy"
"2017-02-18 05:00","2017","02","18","05:00","-4.1","","-8.8","","70","","8","","5","","24.1","","100.25","","","","-6","","NA"
"2017-02-18 06:00","2017","02","18","06:00","-3.9","","-9.0","","68","","12","","12","","24.1","","100.11","","","","-9","","NA"
"2017-02-18 07:00","2017","02","18","07:00","-3.9","","-8.4","","71","","13","","10","","48.3","","100.01","","","","-8","","Mostly Cloudy"
"2017-02-18 08:00","2017","02","18","08:00","-3.3","","-8.0","","70","","13","","9","","48.3","","99.91","","","","-7","","NA"
"2017-02-18 09:00","2017","02","18","09:00","-2.0","","-9.2","","58","","16","","11","","48.3","","99.90","","","","-6","","NA"
"2017-02-18 10:00","2017","02","18","10:00","-0.9","","-8.4","","57","","11","","12","","48.3","","99.73","","","","-5","","Mostly Cloudy"
"2017-02-18 11:00","2017","02","18","11:00","0.0","","-7.3","","58","","10","","9","","48.3","","99.63","","","","-3","","NA"
"2017-02-18 12:00","2017","02","18","12:00","1.3","","-6.3","","57","","11","","8","","48.3","","99.54","","","","","","NA"
"2017-02-18 13:00","2017","02","18","13:00","2.2","","-5.9","","55","","11","","9","","24.1","","99.34","","","","","","Mainly Clear"
"2017-02-18 14:00","2017","02","18","14:00","3.5","","-4.7","","55","","11","","6","","48.3","","99.17","","","","","","NA"
"2017-02-18 15:00","2017","02","18","15:00","4.5","","-4.8","","51","","14","","6","","48.3","","99.08","","","","","","NA"
"2017-02-18 16:00","2017","02","18","16:00","4.8","","-4.2","","52","","22","","4","","48.3","","99.07","","","","","","Clear"
"2017-02-18 17:00","2017","02","18","17:00","4.0","","-3.3","","59","","22","","11","","48.3","","99.02","","","","","","NA"
"2017-02-18 18:00","2017","02","18","18:00","3.9","","-2.3","","64","","22","","15","","24.1","","99.06","","","","","","NA"
"2017-02-18 19:00","2017","02","18","19:00","7.3","","1.0","","64","","24","","39","","24.1","","99.10","","","","","","Clear"
"2017-02-18 20:00","2017","02","18","20:00","6.7","","0.8","","66","","24","","40","","24.1","","99.16","","","","","","NA"
"2017-02-18 21:00","2017","02","18","21:00","6.1","","0.9","","69","","25","","32","","24.1","","99.22","","","","","","NA"
"2017-02-18 22:00","2017","02","18","22:00","6.2","","1.2","","70","","23","","35","","24.1","","99.28","","","","","","Mostly Cloudy"
"2017-02-18 23:00","2017","02","18","23:00","5.9","","1.1","","71","","24","","34","","24.1","","99.39","","","","","","NA"
"2017-02-19 00:00","2017","02","19","00:00","4.8","","0.8","","75","","24","","27","","24.1","","99.44","","","","","","NA"
"2017-02-19 01:00","2017","02","19","01:00","4.5","","0.7","","76","","24","","31","","24.1","","99.48","","","","","","Clear"
"2017-02-19 02:00","2017","02","19","02:00","4.4","","0.6","","76","","24","","26","","24.1","","99.55","","","","","","NA"
"2017-02-19 03:00","2017","02","19","03:00","4.0","","0.5","","78","","25","","25","","24.1","","99.64","","","","","","NA"
"2017-02-19 04:00","2017","02","19","04:00","3.4","","0.5","","81","","24","","17","","24.1","","99.70","","","","","","Clear"
"2017-02-19 05:00","2017","02","19","05:00","3.0","","0.2","","82","","23","","18","","24.1","","99.76","","","","","","NA"
"2017-02-19 06:00","2017","02","19","06:00","3.0","","0.4","","83","","23","","13","","24.1","","99.81","","","","","","NA"
"2017-02-19 07:00","2017","02","19","07:00","2.7","","0.4","","85","","22","","19","","24.1","","99.86","","","","","","Mostly Cloudy"
"2017-02-19 08:00","2017","02","19","08:00","2.6","","0.2","","84","","20","","19","","24.1","","99.88","","","","","","NA"
"2017-02-19 09:00","2017","02","19","09:00","3.5","","0.6","","81","","24","","20","","48.3","","99.91","","","","","","NA"
"2017-02-19 10:00","2017","02","19","10:00","4.5","","0.5","","75","","26","","27","","48.3","","99.95","","","","","","Mainly Clear"
"2017-02-19 11:00","2017","02","19","11:00","5.8","","0.8","","70","","27","","31","","48.3","","100.03","","","","","","NA"
"2017-02-19 12:00","2017","02","19","12:00","7.0","","0.7","","64","","26","","31","","48.3","","100.09","","","","","","NA"
"2017-02-19 13:00","2017","02","19","13:00","7.2","","0.4","","62","","27","","23","","48.3","","100.14","","","","","","Mainly Clear"
"2017-02-19 14:00","2017","02","19","14:00","7.5","","-0.5","","57","","28","","20","","48.3","","100.22","","","","","","NA"
"2017-02-19 15:00","2017","02","19","15:00","7.2","","-0.3","","59","","26","","22","","48.3","","100.32","","","","","","NA"
"2017-02-19 16:00","2017","02","19","16:00","6.8","","-0.4","","60","","27","","22","","48.3","","100.44","","","","","","Mostly Cloudy"
"2017-02-19 17:00","2017","02","19","17:00","5.7","","0.9","","71","","32","","23","","24.1","","100.60","","","","","","Rain Showers"
"2017-02-19 18:00","2017","02","19","18:00","4.7","","-0.1","","71","","31","","12","","24.1","","100.75","","","","","","NA"
"2017-02-19 19:00","2017","02","19","19:00","3.9","","-1.3","","69","","31","","15","","24.1","","100.87","","","","","","Mainly Clear"
"2017-02-19 20:00","2017","02","19","20:00","3.8","","-2.6","","63","","33","","23","","24.1","","101.00","","","","","","NA"
"2017-02-19 21:00","2017","02","19","21:00","3.0","","-3.8","","61","","31","","12","","24.1","","101.10","","","","","","NA"
"2017-02-19 22:00","2017","02","19","22:00","2.6","","-3.3","","65","","35","","17","","24.1","","101.18","","","","","","Mostly Cloudy"
"2017-02-19 23:00","2017","02","19","23:00","1.7","","-5.5","","59","","35","","15","","24.1","","101.29","","","","","","NA"
"2017-02-20 00:00","2017","02","20","00:00","1.1","","-6.0","","59","","33","","10","","24.1","","101.38","","","","","","NA"
"2017-02-20 01:00","2017","02","20","01:00","0.5","","-6.6","","59","","31","","10","","24.1","","101.43","","","","","","Mostly Cloudy"
"2017-02-20 02:00","2017","02","20","02:00","0.4","","-7.6","","55","","32","","15","","24.1","","101.51","","","","","","NA"
"2017-02-20 03:00","2017","02","20","03:00","-1.0","","-7.6","","61","","30","","16","","24.1","","101.56","","","","-6","","NA"
"2017-02-20 04:00","2017","02","20","04:00","-1.8","","-8.6","","60","","33","","14","","24.1","","101.63","","","","-6","","Mainly Clear"
"2017-02-20 05:00","2017","02","20","05:00","-2.5","","-9.5","","59","","33","","12","","24.1","","101.73","","","","-7","","NA"
"2017-02-20 06:00","2017","02","20","06:00","-3.6","","-10.1","","61","","31","","12","","24.1","","101.82","","","","-8","","NA"
"2017-02-20 07:00","2017","02","20","07:00","-4.4","","-10.4","","63","","31","","12","","48.3","","101.94","","","","-9","","Clear"
"2017-02-20 08:00","2017","02","20","08:00","-3.6","","-10.7","","58","","32","","17","","48.3","","102.07","","","","-9","","NA"
"2017-02-20 09:00","2017","02","20","09:00","-3.2","","-10.1","","59","","35","","18","","48.3","","102.19","","","","-9","","NA"
"2017-02-20 10:00","2017","02","20","10:00","-2.6","","-10.2","","56","","36","","13","","48.3","","102.25","","","","-7","","Clear"
"2017-02-20 11:00","2017","02","20","11:00","-1.8","","-10.4","","52","","35","","12","","48.3","","102.31","","","","-6","","NA"
"2017-02-20 12:00","2017","02","20","12:00","-1.1","","-12.5","","42","","35","","7","","48.3","","102.30","","","","-4","","NA"
"2017-02-20 13:00","2017","02","20","13:00","-0.6","","-11.1","","45","","25","","9","","48.3","","102.39","","","","-4","","Clear"
"2017-02-20 14:00","2017","02","20","14:00","0.0","","-11.2","","43","","23","","10","","48.3","","102.39","","","","-3","","NA"
"2017-02-20 15:00","2017","02","20","15:00","-0.2","","-8.4","","54","","23","","11","","48.3","","102.39","","","","-4","","NA"
"2017-02-20 16:00","2017","02","20","16:00","-0.3","","-8.5","","54","","21","","13","","48.3","","102.36","","","","-4","","Clear"
"2017-02-20 17:00","2017","02","20","17:00","-0.7","","-9.1","","53","","21","","16","","48.3","","102.42","","","","-5","","NA"
"2017-02-20 18:00","2017","02","20","18:00","-1.4","","-8.4","","59","","24","","10","","24.1","","102.49","","","","-5","","NA"
"2017-02-20 19:00","2017","02","20","19:00","-2.0","","-9.7","","56","","25","","9","","24.1","","102.53","","","","-5","","Clear"
"2017-02-20 20:00","2017","02","20","20:00","-2.1","","-10.2","","54","","23","","6","","24.1","","102.53","","","","-4","","NA"
"2017-02-20 21:00","2017","02","20","21:00","-2.5","","-9.7","","58","","20","","5","","24.1","","102.57","","","","-4","","NA"
"2017-02-20 22:00","2017","02","20","22:00","-2.6","","-10.7","","54","","21","","5","","24.1","","102.59","","","","-5","","Clear"
"2017-02-20 23:00","2017","02","20","23:00","-5.2","","-9.1","","74","","23","","3","","24.1","","102.59","","","","-7","","NA"
"2017-02-21 00:00","2017","02","21","00:00","-5.8","","-9.9","","73","","13","","3","","24.1","","102.51","","","","-7","","NA"
"2017-02-21 01:00","2017","02","21","01:00","-6.6","","-9.7","","79","","15","","3","","24.1","","102.50","","","","-8","","Clear"
"2017-02-21 02:00","2017","02","21","02:00","-6.9","","-9.5","","82","","13","","6","","24.1","","102.46","","","","-10","","NA"
"2017-02-21 03:00","2017","02","21","03:00","-5.3","","-9.8","","71","","12","","4","","24.1","","102.42","","","","-7","","NA"
"2017-02-21 04:00","2017","02","21","04:00","-6.6","","-10.3","","75","","10","","6","","24.1","","102.40","","","","-10","","Clear"
"2017-02-21 05:00","2017","02","21","05:00","-5.3","","-10.1","","69","","11","","7","","24.1","","102.36","","","","-9","","NA"
"2017-02-21 06:00","2017","02","21","06:00","-5.0","","-10.0","","68","","10","","9","","24.1","","102.28","","","","-9","","NA"
"2017-02-21 07:00","2017","02","21","07:00","-5.2","","-9.3","","73","","6","","12","","48.3","","102.24","","","","-10","","Mainly Clear"
"2017-02-21 08:00","2017","02","21","08:00","-5.0","","-8.4","","77","","10","","10","","48.3","","102.21","","","","-9","","NA"
"2017-02-21 09:00","2017","02","21","09:00","-3.2","","-8.5","","67","","9","","10","","48.3","","102.07","","","","-7","","NA"
"2017-02-21 10:00","2017","02","21","10:00","-2.6","","-8.9","","62","","8","","13","","24.1","","102.00","","","","-7","","Cloudy"
"2017-02-21 11:00","2017","02","21","11:00","-1.1","","-9.3","","54","","11","","10","","24.1","","101.93","","","","-5","","NA"
"2017-02-21 12:00","2017","02","21","12:00","-0.4","","-8.6","","54","","11","","16","","24.1","","101.71","","","","-5","","NA"
"2017-02-21 13:00","2017","02","21","13:00","1.1","","-7.2","","54","","10","","14","","48.3","","101.54","","","","","","Cloudy"
"2017-02-21 14:00","2017","02","21","14:00","2.5","","-7.2","","49","","11","","25","","48.3","","101.33","","","","","","NA"
"2017-02-21 15:00","2017","02","21","15:00","2.7","","-6.7","","50","","10","","18","","48.3","","101.26","","","","","","NA"
"2017-02-21 16:00","2017","02","21","16:00","3.1","","-6.6","","49","","12","","12","","48.3","","101.20","","","","","","Cloudy"
"2017-02-21 17:00","2017","02","21","17:00","2.8","","-6.1","","52","","9","","9","","48.3","","101.16","","","","","","NA"
"2017-02-21 18:00","2017","02","21","18:00","3.3","","-6.4","","49","","36","","3","","24.1","","101.10","","","","","","NA"
"2017-02-21 19:00","2017","02","21","19:00","-0.1","","-4.9","","70","","2","","8","","24.1","","101.13","","","","-3","","Cloudy"
"2017-02-21 20:00","2017","02","21","20:00","0.1","","-4.4","","72","","3","","5","","24.1","","101.07","","","","","","NA"
"2017-02-21 21:00","2017","02","21","21:00","0.6","","-4.3","","70","","30","","5","","24.1","","101.09","","","","","","NA"
"2017-02-21 22:00","2017","02","21","22:00","-0.2","","-4.5","","73","","2","","6","","24.1","","101.07","","","","-2","","Cloudy"
"2017-02-21 23:00","2017","02","21","23:00","-0.1","","-3.5","","78","","7","","7","","24.1","","100.99","","","","-3","","NA"
"2017-02-22 00:00","2017","02","22","00:00","0.3","","-3.1","","78","","36","","5","","24.1","","100.98","","","","","","NA"
"2017-02-22 01:00","2017","02","22","01:00","0.1","","-2.3","","84","","36","","3","","24.1","","100.96","","","","","","Cloudy"
"2017-02-22 02:00","2017","02","22","02:00","0.2","","-1.7","","87","","1","","4","","24.1","","100.98","","","","","","NA"
"2017-02-22 03:00","2017","02","22","03:00","0.6","","-1.2","","88","","15","","5","","24.1","","100.98","","","","","","NA"
"2017-02-22 04:00","2017","02","22","04:00","1.6","","-1.3","","81","","17","","10","","24.1","","100.97","","","","","","Cloudy"
"2017-02-22 05:00","2017","02","22","05:00","0.6","","-1.2","","88","","24","","9","","24.1","","100.98","","","","","","NA"
"2017-02-22 06:00","2017","02","22","06:00","1.6","","-0.8","","84","","26","","10","","24.1","","101.06","","","","","","NA"
"2017-02-22 07:00","2017","02","22","07:00","1.3","","-0.2","","90","","28","","4","","19.3","","101.03","","","","","","Cloudy"
"2017-02-22 08:00","2017","02","22","08:00","1.6","","0.0","","89","","27","","5","","16.1","","101.06","","","","","","NA"
"2017-02-22 09:00","2017","02","22","09:00","1.5","","0.2","","91","","21","","8","","9.7","","101.11","","","","","","Fog"
"2017-02-22 10:00","2017","02","22","10:00","2.2","","0.4","","88","","15","","5","","9.7","","101.08","","","","","","Fog"
"2017-02-22 11:00","2017","02","22","11:00","3.4","","1.0","","84","","36","","2","","12.9","","101.04","","","","","","NA"
"2017-02-22 12:00","2017","02","22","12:00","4.6","","1.3","","79","","36","","1","","16.1","","100.93","","","","","","NA"
"2017-02-22 13:00","2017","02","22","13:00","4.8","","1.3","","78","","29","","4","","16.1","","100.90","","","","","","Cloudy"
"2017-02-22 14:00","2017","02","22","14:00","5.2","","1.1","","75","","18","","3","","16.1","","100.83","","","","","","NA"
"2017-02-22 15:00","2017","02","22","15:00","6.0","","1.4","","72","","12","","3","","16.1","","100.76","","","","","","NA"
"2017-02-22 16:00","2017","02","22","16:00","6.1","","1.5","","72","","9","","8","","16.1","","100.77","","","","","","Mostly Cloudy"
"2017-02-22 17:00","2017","02","22","17:00","6.2","","1.4","","71","","12","","9","","16.1","","100.68","","","","","","NA"
"2017-02-22 18:00","2017","02","22","18:00","5.3","","1.2","","75","","12","","14","","24.1","","100.62","","","","","","NA"
"2017-02-22 19:00","2017","02","22","19:00","4.3","","0.8","","78","","9","","7","","24.1","","100.61","","","","","","Mostly Cloudy"
"2017-02-22 20:00","2017","02","22","20:00","3.4","","0.8","","83","","3","","12","","24.1","","100.59","","","","","","NA"
"2017-02-22 21:00","2017","02","22","21:00","3.9","","0.9","","81","","36","","2","","24.1","","100.58","","","","","","NA"
"2017-02-22 22:00","2017","02","22","22:00","3.5","","0.4","","80","","36","","7","","24.1","","100.53","","","","","","Cloudy"
"2017-02-22 23:00","2017","02","22","23:00","2.4","","0.3","","86","","3","","10","","24.1","","100.48","","","","","","NA"
"2017-02-23 00:00","2017","02","23","00:00","2.9","","0.6","","85","","3","","9","","24.1","","100.44","","","","","","NA"
"2017-02-23 01:00","2017","02","23","01:00","2.2","","0.1","","86","","2","","13","","24.1","","100.41","","","","","","Cloudy"
"2017-02-23 02:00","2017","02","23","02:00","1.9","","-0.2","","86","","1","","12","","24.1","","100.39","","","","","","NA"
"2017-02-23 03:00","2017","02","23","03:00","1.6","","-0.3","","87","","2","","9","","24.1","","100.28","","","","","","NA"
"2017-02-23 04:00","2017","02","23","04:00","2.8","","0.4","","84","","9","","4","","24.1","","100.21","","","","","","Cloudy"
"2017-02-23 05:00","2017","02","23","05:00","1.8","","0.3","","90","","1","","5","","24.1","","100.16","","","","","","NA"
"2017-02-23 06:00","2017","02","23","06:00","1.7","","0.2","","90","","4","","9","","24.1","","100.10","","","","","","NA"
"2017-02-23 07:00","2017","02","23","07:00","2.1","","0.3","","88","","36","","4","","8.1","","100.07","","","","","","Fog"
"2017-02-23 08:00","2017","02","23","08:00","2.0","","0.4","","89","","3","","7","","8.1","","100.06","","","","","","Fog"
"2017-02-23 09:00","2017","02","23","09:00","3.2","","1.6","","89","","36","","3","","9.7","","99.99","","","","","","Fog"
"2017-02-23 10:00","2017","02","23","10:00","7.2","","4.2","","81","","13","","19","","16.1","","99.77","","","","","","Mostly Cloudy"
"2017-02-23 11:00","2017","02","23","11:00","10.3","","5.5","","72","","18","","12","","24.1","","99.67","","","","","","NA"
"2017-02-23 12:00","2017","02","23","12:00","11.6","","5.3","","65","","17","","16","","24.1","","99.58","","","","","","NA"
"2017-02-23 13:00","2017","02","23","13:00","10.2","","6.0","","75","","25","","8","","24.1","","99.58","","","","","","Rain"
"2017-02-23 14:00","2017","02","23","14:00","9.3","","6.9","","85","","22","","17","","16.1","","99.58","","","","","","Rain"
"2017-02-23 15:00","2017","02","23","15:00","11.3","","8.5","","83","","22","","34","","24.1","","99.61","","","","","","NA"
"2017-02-23 16:00","2017","02","23","16:00","11.5","","8.6","","82","","23","","36","","24.1","","99.69","","","","","","Mainly Clear"
"2017-02-23 17:00","2017","02","23","17:00","10.2","","7.8","","85","","24","","23","","24.1","","99.80","","","","","","NA"
"2017-02-23 18:00","2017","02","23","18:00","8.9","","6.7","","86","","24","","21","","24.1","","99.93","","","","","","NA"
"2017-02-23 19:00","2017","02","23","19:00","9.2","","6.5","","83","","24","","25","","24.1","","100.06","","","","","","Mainly Clear"
"2017-02-23 20:00","2017","02","23","20:00","7.7","","5.2","","84","","25","","20","","24.1","","100.17","","","","","","NA"
"2017-02-23 21:00","2017","02","23","21:00","8.7","","4.5","","75","","27","","25","","24.1","","100.31","","","","","","NA"
"2017-02-23 22:00","2017","02","23","22:00","7.0","","3.4","","78","","27","","9","","24.1","","100.42","","","","","","Clear"
"2017-02-23 23:00","2017","02","23","23:00","3.4","","1.5","","87","","23","","10","","24.1","","100.54","","","","","","NA"
"2017-02-24 00:00","2017","02","24","00:00","3.5","","1.5","","87","","25","","9","","24.1","","100.65","","","","","","NA"
"2017-02-24 01:00","2017","02","24","01:00","4.4","","1.4","","81","","27","","9","","24.1","","100.77","","","","","","Cloudy"
"2017-02-24 02:00","2017","02","24","02:00","3.7","","0.9","","82","","27","","8","","24.1","","100.82","","","","","","NA"
"2017-02-24 03:00","2017","02","24","03:00","2.4","","0.1","","85","","27","","7","","24.1","","100.86","","","","","","NA"
"2017-02-24 04:00","2017","02","24","04:00","2.1","","0.3","","88","","23","","7","","24.1","","100.90","","","","","","Cloudy"
"2017-02-24 05:00","2017","02","24","05:00","2.5","","0.6","","87","","25","","5","","24.1","","100.89","","","","","","NA"
"2017-02-24 06:00","2017","02","24","06:00","3.1","","0.2","","81","","31","","9","","24.1","","100.92","","","","","","NA"
"2017-02-24 07:00","2017","02","24","07:00","2.8","","0.0","","82","","24","","3","","24.1","","100.93","","","","","","Cloudy"
"2017-02-24 08:00","2017","02","24","08:00","3.0","","0.2","","82","","14","","4","","24.1","","100.93","","","","","","NA"
"2017-02-24 09:00","2017","02","24","09:00","3.5","","0.6","","81","","3","","8","","24.1","","100.93","","","","","","NA"
"2017-02-24 10:00","2017","02","24","10:00","3.8","","0.3","","78","","2","","11","","24.1","","100.91","","","","","","Cloudy"
"2017-02-24 11:00","2017","02","24","11:00","3.7","","0.6","","80","","4","","10","","24.1","","100.85","","","","","","NA"
"2017-02-24 12:00","2017","02","24","12:00","3.8","","1.0","","82","","1","","14","","16.1","","100.80","","","","","","Rain"
"2017-02-24 13:00","2017","02","24","13:00","3.1","","1.3","","88","","2","","15","","19.3","","100.73","","","","","","Rain"
"2017-02-24 14:00","2017","02","24","14:00","2.4","","0.8","","89","","3","","26","","16.1","","100.67","","","","","","Rain"
"2017-02-24 15:00","2017","02","24","15:00","1.9","","0.4","","90","","4","","23","","9.7","","100.69","","","","","","Drizzle,Fog"
"2017-02-24 16:00","2017","02","24","16:00","2.1","","0.9","","92","","6","","23","","16.1","","100.62","","","","","","Drizzle"
"2017-02-24 17:00","2017","02","24","17:00","1.9","","0.7","","92","","5","","22","","4.8","","100.63","","","","","","Rain,Fog"
"2017-02-24 18:00","2017","02","24","18:00","1.7","","0.5","","92","","6","","25","","12.9","","100.61","","","","","","Rain"
"2017-02-24 19:00","2017","02","24","19:00","1.6","","0.0","","89","","5","","28","","24.1","","100.59","","","","","","Cloudy"
"2017-02-24 20:00","2017","02","24","20:00","1.1","","-0.4","","90","","3","","28","","24.1","","100.50","","","","","","Rain"
"2017-02-24 21:00","2017","02","24","21:00","0.7","","-0.9","","89","","3","","30","","24.1","","100.54","","","","","","NA"
"2017-02-24 22:00","2017","02","24","22:00","0.9","","-0.6","","90","","3","","32","","19.3","","100.51","","","","","","Rain"
"2017-02-24 23:00","2017","02","24","23:00","1.4","","0.1","","91","","4","","34","","19.3","","100.47","","","","","","NA"
"2017-02-25 00:00","2017","02","25","00:00","1.1","","-0.4","","90","","5","","31","","24.1","","100.42","","","","","","NA"
"2017-02-25 01:00","2017","02","25","01:00","0.6","","-0.6","","92","","4","","27","","24.1","","100.36","","","","","","Cloudy"
"2017-02-25 02:00","2017","02","25","02:00","0.5","","-0.5","","93","","4","","27","","19.3","","100.29","","","","","","NA"
"2017-02-25 03:00","2017","02","25","03:00","0.5","","-0.5","","93","","4","","26","","19.3","","100.18","","","","","","NA"
"2017-02-25 04:00","2017","02","25","04:00","0.2","","-0.7","","94","","4","","25","","19.3","","100.09","","","","","","Cloudy"
"2017-02-25 05:00","2017","02","25","05:00","0.2","","-0.5","","95","","3","","25","","16.1","","100.04","","","","","","NA"
"2017-02-25 06:00","2017","02","25","06:00","0.2","","-0.4","","96","","3","","21","","4.8","","99.98","","","","","","Drizzle,Fog"
"2017-02-25 07:00","2017","02","25","07:00","0.2","","-0.4","","96","","3","","24","","1.6","","99.91","","","","","","Drizzle,Fog"
"2017-02-25 08:00","2017","02","25","08:00","0.6","","0.0","","96","","3","","21","","0.8","","99.87","","","","","","Drizzle,Fog"
"2017-02-25 09:00","2017","02","25","09:00","0.7","","0.3","","97","","2","","19","","0.8","","99.79","","","","","","Drizzle,Fog"
"2017-02-25 10:00","2017","02","25","10:00","0.7","","0.3","","97","","2","","22","","1.6","","99.70","","","","","","Fog"
"2017-02-25 11:00","2017","02","25","11:00","1.0","","0.6","","97","","3","","22","","3.2","","99.56","","","","","","Fog"
"2017-02-25 12:00","2017","02","25","12:00","1.7","","1.0","","95","","3","","23","","4.8","","99.39","","","","","","Fog"
"2017-02-25 13:00","2017","02","25","13:00","3.6","","2.4","","92","","3","","20","","8.1","","99.17","","","","","","Fog"
"2017-02-25 14:00","2017","02","25","14:00","9.4","","8.0","","91","","10","","12","","19.3","","98.90","","","","","","NA"
"2017-02-25 15:00","2017","02","25","15:00","10.9","","8.8","","87","","21","","41","","11.3","","98.98","","","","","","Rain Showers,Fog"
"2017-02-25 16:00","2017","02","25","16:00","7.5","","6.9","","96","","21","","24","","4.0","","99.10","","","","","","Heavy Rain,Fog"
"2017-02-25 17:00","2017","02","25","17:00","7.4","","6.2","","92","","24","","36","","12.9","","99.22","","","","","","Moderate Rain"
"2017-02-25 18:00","2017","02","25","18:00","6.5","","5.1","","91","","23","","36","","8.1","","99.43","","","","","","Moderate Rain,Fog"
"2017-02-25 19:00","2017","02","25","19:00","4.7","","3.7","","93","","24","","27","","9.7","","99.47","","","","","","Moderate Rain,Fog"
"2017-02-25 20:00","2017","02","25","20:00","3.6","","2.1","","90","","26","","20","","12.9","","99.50","","","","","","Rain"
"2017-02-25 21:00","2017","02","25","21:00","3.2","","2.0","","92","","23","","17","","8.1","","99.57","","","","","","Rain,Fog"
"2017-02-25 22:00","2017","02","25","22:00","2.4","","1.2","","92","","24","","20","","16.1","","99.56","","","","","","Rain"
"2017-02-25 23:00","2017","02","25","23:00","2.6","","1.1","","90","","22","","27","","24.1","","99.59","","","","","","NA"
"2017-02-26 00:00","2017","02","26","00:00","2.6","","-0.3","","81","","23","","33","","24.1","","99.59","","","","","","NA"
"2017-02-26 01:00","2017","02","26","01:00","1.9","","-2.4","","73","","27","","28","","24.1","","99.64","","","","","","Mostly Cloudy"
"2017-02-26 02:00","2017","02","26","02:00","1.0","","-3.1","","74","","25","","26","","24.1","","99.69","","","","","","NA"
"2017-02-26 03:00","2017","02","26","03:00","0.4","","-7.2","","57","","26","","36","","24.1","","99.75","","","","","","NA"
"2017-02-26 04:00","2017","02","26","04:00","-0.3","","-7.8","","57","","26","","31","","24.1","","99.82","","","","-7","","Mostly Cloudy"
"2017-02-26 05:00","2017","02","26","05:00","-1.2","","-6.6","","67","","26","","34","","24.1","","99.94","","","","-8","","NA"
"2017-02-26 06:00","2017","02","26","06:00","-2.3","","-9.9","","56","","27","","40","","24.1","","100.10","","","","-10","","NA"
"2017-02-26 07:00","2017","02","26","07:00","-3.0","","-9.9","","59","","25","","44","","24.1","","100.26","","","","-12","","Clear"
"2017-02-26 08:00","2017","02","26","08:00","-3.8","","-11.4","","56","","26","","41","","24.1","","100.41","","","","-13","","NA"
"2017-02-26 09:00","2017","02","26","09:00","-3.9","","-11.0","","58","","26","","41","","24.1","","100.56","","","","-13","","NA"
"2017-02-26 10:00","2017","02","26","10:00","-4.5","","-13.0","","52","","26","","39","","24.1","","100.72","","","","-13","","Mostly Cloudy"
"2017-02-26 11:00","2017","02","26","11:00","-4.4","","-12.6","","53","","26","","37","","24.1","","100.85","","","","-13","","NA"
"2017-02-26 12:00","2017","02","26","12:00","-3.8","","-12.8","","50","","26","","35","","24.1","","100.90","","","","-12","","NA"
"2017-02-26 13:00","2017","02","26","13:00","-3.9","","-12.9","","50","","26","","37","","48.3","","100.95","","","","-12","","Mostly Cloudy"
"2017-02-26 14:00","2017","02","26","14:00","-3.1","","-12.6","","48","","27","","28","","48.3","","100.99","","","","-10","","NA"
"2017-02-26 15:00","2017","02","26","15:00","-2.6","","-12.4","","47","","27","","25","","48.3","","101.05","","","","-9","","NA"
"2017-02-26 16:00","2017","02","26","16:00","-2.0","","-13.0","","43","","25","","33","","48.3","","101.09","","","","-9","","Mainly Clear"
"2017-02-26 17:00","2017","02","26","17:00","-1.6","","-12.3","","44","","27","","14","","48.3","","101.12","","","","-6","","NA"
"2017-02-26 18:00","2017","02","26","18:00","-1.8","","-11.7","","47","","25","","15","","48.3","","101.17","","","","-7","","NA"
"2017-02-26 19:00","2017","02","26","19:00","-2.3","","-11.1","","51","","22","","12","","24.1","","101.20","","","","-7","","Clear"
"2017-02-26 20:00","2017","02","26","20:00","-2.1","","-9.5","","57","","17","","16","","24.1","","101.18","","","","-7","","NA"
"2017-02-26 21:00","2017","02","26","21:00","-2.4","","-9.4","","59","","17","","20","","24.1","","101.20","","","","-8","","NA"
"2017-02-26 22:00","2017","02","26","22:00","-1.2","","-7.0","","65","","22","","28","","24.1","","101.21","","","","-8","","Clear"
"2017-02-26 23:00","2017","02","26","23:00","-1.1","","-6.5","","67","","22","","26","","24.1","","101.20","","","","-7","","NA"
"2017-02-27 00:00","2017","02","27","00:00","-0.7","","-5.5","","70","","22","","35","","24.1","","101.19","","","","-8","","Snow"
"2017-02-27 01:00","2017","02","27","01:00","-1.0","","-5.1","","74","","23","","32","","24.1","","101.16","","","","-8","","Snow"
"2017-02-27 02:00","2017","02","27","02:00","-0.3","","-5.5","","68","","23","","28","","24.1","","101.11","","","","-7","","NA"
"2017-02-27 03:00","2017","02","27","03:00","0.4","","-5.8","","63","","22","","25","","24.1","","101.08","","","","","","NA"
"2017-02-27 04:00","2017","02","27","04:00","1.3","","-6.1","","58","","23","","30","","24.1","","101.10","","","","","","Cloudy"
"2017-02-27 05:00","2017","02","27","05:00","1.9","","-5.5","","58","","23","","37","","24.1","","101.12","","","","","","NA"
"2017-02-27 06:00","2017","02","27","06:00","2.1","","-4.9","","60","","24","","30","","24.1","","101.14","","","","","","NA"
"2017-02-27 07:00","2017","02","27","07:00","2.3","","-4.7","","60","","23","","35","","24.1","","101.20","","","","","","Mostly Cloudy"
"2017-02-27 08:00","2017","02","27","08:00","2.3","","-4.0","","63","","23","","26","","48.3","","101.30","","","","","","NA"
"2017-02-27 09:00","2017","02","27","09:00","3.7","","-3.8","","58","","24","","41","","48.3","","101.40","","","","","","NA"
"2017-02-27 10:00","2017","02","27","10:00","4.4","","-3.1","","58","","25","","29","","48.3","","101.46","","","","","","Cloudy"
"2017-02-27 11:00","2017","02","27","11:00","4.5","","-3.3","","57","","25","","37","","48.3","","101.52","","","","","","NA"
"2017-02-27 12:00","2017","02","27","12:00","5.1","","-4.0","","52","","25","","34","","48.3","","101.57","","","","","","NA"
"2017-02-27 13:00","2017","02","27","13:00","5.1","","-4.2","","51","","26","","41","","48.3","","101.58","","","","","","Mostly Cloudy"
"2017-02-27 14:00","2017","02","27","14:00","5.4","","-3.7","","52","","26","","28","","48.3","","101.62","","","","","","NA"
"2017-02-27 15:00","2017","02","27","15:00","5.2","","-4.4","","50","","27","","29","","48.3","","101.68","","","","","","NA"
"2017-02-27 16:00","2017","02","27","16:00","5.0","","-6.0","","45","","27","","26","","48.3","","101.71","","","","","","Mainly Clear"
"2017-02-27 17:00","2017","02","27","17:00","4.5","","-6.7","","44","","28","","23","","48.3","","101.79","","","","","","NA"
"2017-02-27 18:00","2017","02","27","18:00","3.3","","-7.0","","47","","27","","14","","48.3","","101.88","","","","","","NA"
"2017-02-27 19:00","2017","02","27","19:00","2.5","","-7.2","","49","","26","","10","","24.1","","101.96","","","","","","Clear"
"2017-02-27 20:00","2017","02","27","20:00","1.7","","-7.1","","52","","21","","10","","24.1","","102.01","","","","","","NA"
"2017-02-27 21:00","2017","02","27","21:00","1.1","","-6.3","","58","","21","","10","","24.1","","102.07","","","","","","NA"
"2017-02-27 22:00","2017","02","27","22:00","0.2","","-4.5","","71","","22","","10","","24.1","","102.11","","","","","","Clear"
"2017-02-27 23:00","2017","02","27","23:00","-0.3","","-4.9","","71","","23","","4","","24.1","","102.15","","","","-2","","NA"
"2017-02-28 00:00","2017","02","28","00:00","-0.9","","-5.9","","69","","21","","4","","24.1","","102.18","","","","-2","","NA"
"2017-02-28 01:00","2017","02","28","01:00","-1.6","","-4.4","","81","","20","","3","","24.1","","102.25","","","","-3","","Clear"
"2017-02-28 02:00","2017","02","28","02:00","-2.6","","-5.4","","81","","0","","1","","24.1","","102.30","","","","-3","","NA"
"2017-02-28 03:00","2017","02","28","03:00","-3.9","","-5.8","","87","","0","","1","","24.1","","102.34","","","","-4","","NA"
"2017-02-28 04:00","2017","02","28","04:00","-4.1","","-5.8","","88","","20","","5","","24.1","","102.37","","","","-6","","Clear"
"2017-02-28 05:00","2017","02","28","05:00","-4.4","","-6.1","","88","","5","","3","","24.1","","102.39","","","","-6","","NA"
"2017-02-28 06:00","2017","02","28","06:00","-4.2","","-6.2","","86","","36","","1","","24.1","","102.40","","","","-5","","NA"
"2017-02-28 07:00","2017","02","28","07:00","-4.2","","-6.1","","87","","36","","1","","24.1","","102.40","","","","-5","","Mostly Cloudy"
"2017-02-28 08:00","2017","02","28","08:00","-0.7","","-3.9","","79","","2","","11","","48.3","","102.41","","","","-4","","NA"
"2017-02-28 09:00","2017","02","28","09:00","0.6","","-3.5","","74","","2","","9","","24.1","","102.37","","","","","","NA"
"2017-02-28 10:00","2017","02","28","10:00","2.8","","-5.6","","54","","9","","14","","24.1","","102.29","","","","","","Mainly Clear"
"2017-02-28 11:00","2017","02","28","11:00","4.0","","-4.5","","54","","10","","13","","24.1","","102.19","","","","","","NA"
"2017-02-28 12:00","2017","02","28","12:00","5.6","","-4.8","","47","","10","","10","","24.1","","102.12","","","","","","NA"
"2017-02-28 13:00","2017","02","28","13:00","6.6","","-3.4","","49","","8","","13","","24.1","","101.99","","","","","","Mostly Cloudy"
"2017-02-28 14:00","2017","02","28","14:00","7.6","","-2.2","","50","","12","","18","","24.1","","101.84","","","","","","NA"
"2017-02-28 15:00","2017","02","28","15:00","8.1","","-1.7","","50","","10","","17","","24.1","","101.69","","","","","","NA"
"2017-02-28 16:00","2017","02","28","16:00","7.7","","-1.3","","53","","8","","10","","24.1","","101.60","","","","","","Cloudy"
"2017-02-28 17:00","2017","02","28","17:00","4.7","","-1.5","","64","","4","","17","","24.1","","101.51","","","","","","NA"
"2017-02-28 18:00","2017","02","28","18:00","4.0","","-2.2","","64","","4","","13","","24.1","","101.45","","","","","","NA"
"2017-02-28 19:00","2017","02","28","19:00","3.3","","-1.7","","70","","3","","16","","24.1","","101.28","","","","","","Rain"
"2017-02-28 20:00","2017","02","28","20:00","3.1","","-1.5","","72","","5","","10","","24.1","","101.12","","","","","","NA"
"2017-02-28 21:00","2017","02","28","21:00","5.8","","-0.9","","62","","10","","10","","24.1","","100.97","","","","","","NA"
"2017-02-28 22:00","2017","02","28","22:00","5.5","","-0.8","","64","","10","","8","","24.1","","100.83","","","","","","Cloudy"
"2017-02-28 23:00","2017","02","28","23:00","5.8","","-0.1","","66","","12","","15","","24.1","","100.60","","","","","","NA"
